CustomerID,total_spending,customer_segment
18102,19483.32,"High Spender"
14646,14353.46,"High Spender"
14156,12104.32,"High Spender"
13694,11259.11,"High Spender"
14911,11097.42,"High Spender"
16684,8762.96,"High Spender"
17511,7331.06,"High Spender"
15061,6539.20,"High Spender"
15838,5766.70,"High Spender"
17450,4958.24,"High Spender"
13093,4565.11,"High Spender"
17940,4296.00,"High Spender"
16029,4287.00,"High Spender"
13089,4201.22,"High Spender"
15311,3957.96,"High Spender"
17850,3672.77,"High Spender"
14298,3254.53,"High Spender"
13902,3118.28,"High Spender"
16754,2910.09,"High Spender"
13798,2789.94,"High Spender"
12709,2608.04,"High Spender"
18251,2455.88,"High Spender"
16422,2349.64,"High Spender"
16779,2243.04,"High Spender"
15523,2221.47,"High Spender"
16705,2189.06,"High Spender"
14680,2181.78,"High Spender"
13081,2179.15,"High Spender"
14031,2178.32,"High Spender"
13881,2127.19,"High Spender"
17949,2085.00,"High Spender"
12380,2057.21,"High Spender"
17389,1965.64,"High Spender"
12415,1921.76,"High Spender"
17841,1890.07,"High Spender"
15513,1848.32,"High Spender"
14277,1769.32,"High Spender"
13408,1708.28,"High Spender"
12931,1687.02,"High Spender"
15856,1649.34,"High Spender"
17677,1603.75,"High Spender"
17920,1586.68,"High Spender"
12482,1582.80,"High Spender"
12471,1575.52,"High Spender"
14088,1551.91,"High Spender"
17428,1541.53,"High Spender"
13340,1530.10,"High Spender"
14258,1492.92,"High Spender"
14527,1489.12,"High Spender"
15498,1471.53,"High Spender"
12921,1469.54,"High Spender"
15769,1442.40,"High Spender"
13767,1378.13,"High Spender"
13802,1373.49,"High Spender"
16019,1353.08,"High Spender"
13564,1336.27,"High Spender"
18194,1326.00,"High Spender"
12748,1310.27,"High Spender"
16191,1273.74,"High Spender"
15039,1263.93,"High Spender"
17448,1215.33,"High Spender"
17404,1206.96,"High Spender"
14606,1202.99,"High Spender"
12681,1126.24,"High Spender"
17044,1115.28,"High Spender"
14543,1106.25,"High Spender"
15768,1099.33,"High Spender"
17675,1088.95,"High Spender"
13687,1073.28,"High Spender"
13078,1071.99,"High Spender"
14895,1041.63,"High Spender"
18172,1038.16,"High Spender"
14134,1034.90,"High Spender"
13777,1028.88,"High Spender"
17133,1008.73,"High Spender"
15808,1000.27,"High Spender"
12857,1000.25,"High Spender"
15093,990.05,"High Spender"
17381,980.56,"High Spender"
17369,979.20,"High Spender"
16013,972.75,"High Spender"
14062,966.53,"High Spender"
17243,962.34,"High Spender"
13935,962.10,"High Spender"
12497,959.48,"High Spender"
14299,957.55,"High Spender"
12647,952.25,"High Spender"
17716,928.50,"High Spender"
17377,919.73,"High Spender"
17865,907.59,"High Spender"
13225,904.97,"High Spender"
16843,894.54,"High Spender"
12472,893.32,"High Spender"
13001,883.21,"High Spender"
15382,863.70,"High Spender"
12409,854.98,"High Spender"
15389,854.80,"High Spender"
14308,849.45,"High Spender"
16652,848.84,"High Spender"
12454,842.40,"High Spender"
13448,828.02,"High Spender"
12481,823.92,"High Spender"
12477,806.41,"High Spender"
15251,802.90,"High Spender"
13319,801.34,"High Spender"
18061,787.59,"High Spender"
17706,783.20,"High Spender"
12758,779.19,"High Spender"
13027,777.60,"High Spender"
12949,776.94,"High Spender"
16713,776.89,"High Spender"
16133,775.98,"High Spender"
17857,766.70,"High Spender"
15291,766.50,"High Spender"
12823,765.00,"High Spender"
12971,751.70,"High Spender"
17416,748.60,"High Spender"
14160,746.34,"High Spender"
12621,745.90,"High Spender"
14667,745.87,"High Spender"
12540,726.95,"High Spender"
13680,719.97,"High Spender"
17230,717.61,"High Spender"
17589,708.18,"High Spender"
12583,704.08,"High Spender"
13206,691.89,"High Spender"
16746,685.74,"High Spender"
12682,673.27,"High Spender"
13050,670.70,"High Spender"
12524,659.40,"High Spender"
15296,655.86,"High Spender"
13468,650.31,"High Spender"
15078,647.16,"High Spender"
17146,641.31,"High Spender"
14426,636.10,"High Spender"
14439,632.40,"High Spender"
13162,632.32,"High Spender"
16525,623.23,"High Spender"
12678,618.30,"High Spender"
13174,617.85,"High Spender"
13082,615.78,"High Spender"
17581,615.06,"High Spender"
14063,613.60,"High Spender"
15640,613.50,"High Spender"
17809,612.40,"High Spender"
14016,612.31,"High Spender"
12476,611.17,"High Spender"
15497,609.89,"High Spender"
15005,607.60,"High Spender"
16161,602.96,"High Spender"
16550,602.44,"High Spender"
16782,597.39,"High Spender"
13488,589.14,"High Spender"
15358,586.96,"High Spender"
15218,584.20,"High Spender"
14110,581.96,"High Spender"
17858,577.37,"High Spender"
15854,575.40,"High Spender"
13715,575.36,"High Spender"
16549,568.70,"High Spender"
13418,565.83,"High Spender"
13047,565.76,"High Spender"
16701,564.06,"High Spender"
12980,559.20,"High Spender"
15615,558.33,"High Spender"
15044,556.22,"High Spender"
15369,554.40,"High Spender"
13178,550.60,"High Spender"
12356,549.42,"High Spender"
16984,548.45,"High Spender"
13069,547.95,"High Spender"
15555,541.95,"High Spender"
16656,539.76,"High Spender"
17160,537.78,"High Spender"
12557,537.66,"High Spender"
18087,534.14,"High Spender"
13952,533.43,"High Spender"
16923,531.87,"High Spender"
17876,530.00,"High Spender"
16327,528.17,"High Spender"
12714,521.16,"High Spender"
15332,517.40,"High Spender"
16276,517.06,"High Spender"
16985,513.80,"High Spender"
17897,509.35,"High Spender"
14961,505.37,"High Spender"
14040,500.32,"High Spender"
16814,497.52,"Medium Spender"
13381,496.68,"Medium Spender"
14159,496.03,"Medium Spender"
16182,495.00,"Medium Spender"
13629,495.00,"Medium Spender"
13552,492.20,"Medium Spender"
14560,491.51,"Medium Spender"
17017,491.42,"Medium Spender"
12835,488.42,"Medium Spender"
15372,487.80,"Medium Spender"
15043,487.30,"Medium Spender"
12358,486.45,"Medium Spender"
13668,486.17,"Medium Spender"
16045,484.77,"Medium Spender"
16873,481.10,"Medium Spender"
15281,479.47,"Medium Spender"
15260,479.43,"Medium Spender"
13013,479.17,"Medium Spender"
12633,476.05,"Medium Spender"
18226,475.92,"Medium Spender"
14049,475.45,"Medium Spender"
15465,475.24,"Medium Spender"
13461,474.30,"Medium Spender"
13329,473.30,"Medium Spender"
15738,472.58,"Medium Spender"
15805,472.33,"Medium Spender"
14154,471.47,"Medium Spender"
18231,470.60,"Medium Spender"
13735,469.94,"Medium Spender"
18092,468.50,"Medium Spender"
13269,466.34,"Medium Spender"
12668,464.70,"Medium Spender"
17576,464.61,"Medium Spender"
17838,463.72,"Medium Spender"
15601,463.36,"Medium Spender"
17085,463.17,"Medium Spender"
15874,460.48,"Medium Spender"
12433,458.58,"Medium Spender"
17930,457.96,"Medium Spender"
14440,455.54,"Medium Spender"
16938,454.59,"Medium Spender"
14525,451.76,"Medium Spender"
14422,451.39,"Medium Spender"
16131,451.36,"Medium Spender"
14685,451.30,"Medium Spender"
12357,451.14,"Medium Spender"
16200,449.20,"Medium Spender"
15270,448.73,"Medium Spender"
12643,447.90,"Medium Spender"
14395,447.31,"Medium Spender"
13576,446.61,"Medium Spender"
12798,446.33,"Medium Spender"
17593,444.70,"Medium Spender"
16186,444.69,"Medium Spender"
17364,443.78,"Medium Spender"
15944,443.20,"Medium Spender"
12437,441.83,"Medium Spender"
14849,439.78,"Medium Spender"
14952,438.40,"Medium Spender"
16336,438.10,"Medium Spender"
14855,437.14,"Medium Spender"
15622,436.23,"Medium Spender"
14388,435.32,"Medium Spender"
16553,435.02,"Medium Spender"
17819,432.04,"Medium Spender"
15179,431.59,"Medium Spender"
15570,428.97,"Medium Spender"
14585,425.76,"Medium Spender"
14145,424.50,"Medium Spender"
16539,423.55,"Medium Spender"
13141,423.19,"Medium Spender"
13869,422.76,"Medium Spender"
13426,420.60,"Medium Spender"
12422,418.98,"Medium Spender"
17354,418.12,"Medium Spender"
13004,415.41,"Medium Spender"
13373,413.59,"Medium Spender"
16839,412.74,"Medium Spender"
16170,411.94,"Medium Spender"
17696,411.54,"Medium Spender"
17848,410.71,"Medium Spender"
14755,409.40,"Medium Spender"
12683,408.25,"Medium Spender"
15998,407.14,"Medium Spender"
18093,406.80,"Medium Spender"
13097,405.53,"Medium Spender"
17139,404.20,"Medium Spender"
14735,403.97,"Medium Spender"
15980,401.70,"Medium Spender"
13599,401.46,"Medium Spender"
13659,401.14,"Medium Spender"
12731,399.16,"Medium Spender"
14085,396.34,"Medium Spender"
13831,395.92,"Medium Spender"
17307,395.34,"Medium Spender"
16709,395.29,"Medium Spender"
17873,393.90,"Medium Spender"
16945,392.84,"Medium Spender"
17068,391.98,"Medium Spender"
15544,391.26,"Medium Spender"
14825,390.73,"Medium Spender"
15867,389.98,"Medium Spender"
16120,389.97,"Medium Spender"
14733,389.88,"Medium Spender"
12539,387.36,"Medium Spender"
16208,387.24,"Medium Spender"
17975,386.70,"Medium Spender"
17049,383.27,"Medium Spender"
16570,382.92,"Medium Spender"
16125,382.81,"Medium Spender"
14607,382.76,"Medium Spender"
15100,382.20,"Medium Spender"
14051,382.18,"Medium Spender"
17739,382.04,"Medium Spender"
12867,381.52,"Medium Spender"
13593,380.84,"Medium Spender"
14648,377.51,"Medium Spender"
13758,376.09,"Medium Spender"
15674,374.25,"Medium Spender"
14135,372.24,"Medium Spender"
15719,372.23,"Medium Spender"
18055,371.03,"Medium Spender"
14739,370.00,"Medium Spender"
13958,367.71,"Medium Spender"
18260,367.26,"Medium Spender"
14505,365.84,"Medium Spender"
14461,364.96,"Medium Spender"
17338,363.98,"Medium Spender"
14442,361.85,"Medium Spender"
17091,361.48,"Medium Spender"
12511,359.09,"Medium Spender"
12474,357.60,"Medium Spender"
13327,357.30,"Medium Spender"
14709,356.40,"Medium Spender"
13615,356.00,"Medium Spender"
16242,355.94,"Medium Spender"
17512,355.32,"Medium Spender"
14081,355.24,"Medium Spender"
16210,352.52,"Medium Spender"
14243,349.59,"Medium Spender"
13786,348.20,"Medium Spender"
15547,347.48,"Medium Spender"
13590,346.96,"Medium Spender"
13113,346.29,"Medium Spender"
14702,346.05,"Medium Spender"
13634,346.03,"Medium Spender"
14194,345.85,"Medium Spender"
15079,345.55,"Medium Spender"
12705,345.23,"Medium Spender"
13799,344.40,"Medium Spender"
17340,344.19,"Medium Spender"
13148,344.05,"Medium Spender"
18225,342.46,"Medium Spender"
16456,337.33,"Medium Spender"
12843,336.79,"Medium Spender"
13870,335.94,"Medium Spender"
15255,334.08,"Medium Spender"
15150,334.07,"Medium Spender"
13115,333.53,"Medium Spender"
17611,328.22,"Medium Spender"
17799,327.21,"Medium Spender"
18094,326.70,"Medium Spender"
12469,326.16,"Medium Spender"
14291,325.98,"Medium Spender"
17965,325.13,"Medium Spender"
17419,324.17,"Medium Spender"
13446,323.01,"Medium Spender"
15898,322.04,"Medium Spender"
14045,321.12,"Medium Spender"
15485,320.50,"Medium Spender"
15981,320.46,"Medium Spender"
13848,320.00,"Medium Spender"
15955,319.90,"Medium Spender"
17829,318.88,"Medium Spender"
16103,318.08,"Medium Spender"
13316,316.75,"Medium Spender"
13969,315.15,"Medium Spender"
16722,314.87,"Medium Spender"
13993,314.85,"Medium Spender"
13394,314.02,"Medium Spender"
13102,313.88,"Medium Spender"
15841,313.71,"Medium Spender"
14344,313.20,"Medium Spender"
15876,313.20,"Medium Spender"
13542,312.50,"Medium Spender"
13139,311.58,"Medium Spender"
16303,310.44,"Medium Spender"
14001,310.10,"Medium Spender"
15623,310.05,"Medium Spender"
16126,310.05,"Medium Spender"
13106,308.96,"Medium Spender"
14944,308.54,"Medium Spender"
18041,308.48,"Medium Spender"
17685,307.50,"Medium Spender"
14913,306.75,"Medium Spender"
15321,306.20,"Medium Spender"
14025,305.00,"Medium Spender"
16563,303.36,"Medium Spender"
16558,303.29,"Medium Spender"
16858,302.64,"Medium Spender"
16700,301.91,"Medium Spender"
15394,301.80,"Medium Spender"
15680,301.76,"Medium Spender"
17504,301.60,"Medium Spender"
16556,301.27,"Medium Spender"
13090,300.81,"Medium Spender"
14828,300.66,"Medium Spender"
14415,300.62,"Medium Spender"
14030,300.00,"Medium Spender"
16736,299.27,"Medium Spender"
15502,298.63,"Medium Spender"
16546,298.50,"Medium Spender"
14530,298.31,"Medium Spender"
13267,297.83,"Medium Spender"
17769,297.53,"Medium Spender"
14936,297.30,"Medium Spender"
16875,297.21,"Medium Spender"
12567,296.85,"Medium Spender"
18223,296.77,"Medium Spender"
14933,295.00,"Medium Spender"
17092,294.52,"Medium Spender"
17388,294.00,"Medium Spender"
14918,292.00,"Medium Spender"
16168,291.75,"Medium Spender"
14800,291.10,"Medium Spender"
17145,290.89,"Medium Spender"
13555,290.70,"Medium Spender"
13137,290.26,"Medium Spender"
15421,289.97,"Medium Spender"
14146,287.38,"Medium Spender"
16400,286.86,"Medium Spender"
16497,285.87,"Medium Spender"
14101,285.64,"Medium Spender"
14286,285.54,"Medium Spender"
13107,285.36,"Medium Spender"
14092,285.13,"Medium Spender"
17735,285.06,"Medium Spender"
16008,284.80,"Medium Spender"
14769,283.87,"Medium Spender"
12490,282.26,"Medium Spender"
13999,282.05,"Medium Spender"
12957,281.32,"Medium Spender"
13048,281.29,"Medium Spender"
13131,280.83,"Medium Spender"
17625,280.63,"Medium Spender"
14113,279.82,"Medium Spender"
13931,279.55,"Medium Spender"
14866,279.00,"Medium Spender"
12839,278.78,"Medium Spender"
14465,278.70,"Medium Spender"
15546,277.95,"Medium Spender"
16444,277.84,"Medium Spender"
13771,277.61,"Medium Spender"
15786,277.36,"Medium Spender"
12759,276.56,"Medium Spender"
15298,276.44,"Medium Spender"
17238,276.35,"Medium Spender"
16258,276.25,"Medium Spender"
14713,276.05,"Medium Spender"
13044,275.70,"Medium Spender"
12747,275.60,"Medium Spender"
17315,275.24,"Medium Spender"
15939,274.79,"Medium Spender"
14249,273.37,"Medium Spender"
12838,273.14,"Medium Spender"
12435,273.00,"Medium Spender"
18178,272.73,"Medium Spender"
15034,272.65,"Medium Spender"
13983,272.59,"Medium Spender"
13136,270.38,"Medium Spender"
17757,268.83,"Medium Spender"
13495,268.78,"Medium Spender"
13199,267.76,"Medium Spender"
17191,267.65,"Medium Spender"
12349,267.50,"Medium Spender"
13183,267.18,"Medium Spender"
13571,266.73,"Medium Spender"
14878,266.45,"Medium Spender"
15581,266.32,"Medium Spender"
17774,265.89,"Medium Spender"
12451,265.88,"Medium Spender"
18065,265.38,"Medium Spender"
14233,265.20,"Medium Spender"
15722,265.15,"Medium Spender"
14609,264.00,"Medium Spender"
14175,263.63,"Medium Spender"
14282,263.55,"Medium Spender"
13707,263.40,"Medium Spender"
15727,263.23,"Medium Spender"
17365,261.17,"Medium Spender"
15950,260.75,"Medium Spender"
16320,260.52,"Medium Spender"
14312,260.52,"Medium Spender"
15002,260.51,"Medium Spender"
14885,260.40,"Medium Spender"
17550,259.50,"Medium Spender"
12615,259.42,"Medium Spender"
14907,259.26,"Medium Spender"
14105,259.22,"Medium Spender"
13883,258.78,"Medium Spender"
17113,258.40,"Medium Spender"
13317,258.32,"Medium Spender"
16670,257.83,"Medium Spender"
16735,257.80,"Medium Spender"
16353,257.40,"Medium Spender"
16993,257.10,"Medium Spender"
14210,256.98,"Medium Spender"
15984,256.27,"Medium Spender"
15823,254.47,"Medium Spender"
14329,253.87,"Medium Spender"
17663,253.80,"Medium Spender"
15125,253.10,"Medium Spender"
17646,253.05,"Medium Spender"
13052,252.11,"Medium Spender"
16718,250.80,"Medium Spender"
17905,249.94,"Medium Spender"
15023,249.02,"Medium Spender"
17426,248.92,"Medium Spender"
12623,248.85,"Medium Spender"
12712,248.09,"Medium Spender"
18229,247.80,"Medium Spender"
14535,247.68,"Medium Spender"
13324,247.65,"Medium Spender"
17311,247.05,"Medium Spender"
15067,246.90,"Medium Spender"
14564,246.90,"Medium Spender"
17063,245.70,"Medium Spender"
12725,245.60,"Medium Spender"
13491,243.93,"Medium Spender"
16584,242.46,"Medium Spender"
14744,242.30,"Medium Spender"
14032,241.47,"Medium Spender"
16943,241.38,"Medium Spender"
14796,240.97,"Medium Spender"
12417,240.85,"Medium Spender"
16072,240.61,"Medium Spender"
15614,240.10,"Medium Spender"
15144,240.10,"Medium Spender"
12629,240.00,"Medium Spender"
13760,239.90,"Medium Spender"
16710,239.49,"Medium Spender"
13031,239.03,"Medium Spender"
17382,238.68,"Medium Spender"
15734,238.50,"Medium Spender"
17990,238.05,"Medium Spender"
12613,237.60,"Medium Spender"
17231,237.45,"Medium Spender"
14493,236.85,"Medium Spender"
15755,236.48,"Medium Spender"
14099,236.21,"Medium Spender"
14625,236.10,"Medium Spender"
14401,235.60,"Medium Spender"
15983,235.23,"Medium Spender"
18154,234.96,"Medium Spender"
12468,234.95,"Medium Spender"
17802,234.15,"Medium Spender"
13658,233.71,"Medium Spender"
18051,233.28,"Medium Spender"
13970,232.00,"Medium Spender"
14211,231.85,"Medium Spender"
14004,231.80,"Medium Spender"
16732,231.21,"Medium Spender"
16325,230.85,"Medium Spender"
14676,230.52,"Medium Spender"
18245,230.45,"Medium Spender"
17686,229.95,"Medium Spender"
16011,229.85,"Medium Spender"
14227,229.45,"Medium Spender"
16620,229.38,"Medium Spender"
12749,229.05,"Medium Spender"
14841,228.86,"Medium Spender"
16430,228.80,"Medium Spender"
15681,228.36,"Medium Spender"
17861,228.26,"Medium Spender"
17469,227.95,"Medium Spender"
14590,227.10,"Medium Spender"
18168,226.59,"Medium Spender"
15410,226.38,"Medium Spender"
16087,226.36,"Medium Spender"
14469,226.33,"Medium Spender"
17346,226.19,"Medium Spender"
14970,225.45,"Medium Spender"
13371,224.98,"Medium Spender"
17270,224.85,"Medium Spender"
17019,224.38,"Medium Spender"
15221,224.25,"Medium Spender"
13214,223.68,"Medium Spender"
18215,223.50,"Medium Spender"
17732,223.32,"Medium Spender"
13291,223.13,"Medium Spender"
15050,222.98,"Medium Spender"
12431,222.33,"Medium Spender"
12913,221.70,"Medium Spender"
15785,221.33,"Medium Spender"
16592,221.08,"Medium Spender"
14626,220.63,"Medium Spender"
14593,220.60,"Medium Spender"
14399,220.49,"Medium Spender"
15046,220.19,"Medium Spender"
15967,220.15,"Medium Spender"
16915,219.75,"Medium Spender"
12976,219.24,"Medium Spender"
15736,219.15,"Medium Spender"
17157,218.60,"Medium Spender"
16180,218.33,"Medium Spender"
13756,218.27,"Medium Spender"
14688,217.75,"Medium Spender"
14817,217.65,"Medium Spender"
14548,217.38,"Medium Spender"
12854,217.15,"Medium Spender"
16145,217.02,"Medium Spender"
16053,216.78,"Medium Spender"
16607,216.67,"Medium Spender"
17204,216.20,"Medium Spender"
14482,215.92,"Medium Spender"
16293,215.40,"Medium Spender"
18064,215.40,"Medium Spender"
17287,215.33,"Medium Spender"
14915,215.30,"Medium Spender"
13451,215.28,"Medium Spender"
15527,215.20,"Medium Spender"
15641,215.05,"Medium Spender"
14546,214.80,"Medium Spender"
12720,214.06,"Medium Spender"
14014,213.30,"Medium Spender"
16588,213.25,"Medium Spender"
16065,212.80,"Medium Spender"
17409,212.46,"Medium Spender"
16554,212.35,"Medium Spender"
12391,212.32,"Medium Spender"
13975,212.12,"Medium Spender"
15571,211.77,"Medium Spender"
15310,211.68,"Medium Spender"
18075,211.65,"Medium Spender"
16571,210.60,"Medium Spender"
16156,210.42,"Medium Spender"
14766,210.07,"Medium Spender"
17138,210.03,"Medium Spender"
17618,209.75,"Medium Spender"
16720,209.35,"Medium Spender"
17004,209.23,"Medium Spender"
13021,209.15,"Medium Spender"
14532,209.08,"Medium Spender"
12877,208.98,"Medium Spender"
14293,208.62,"Medium Spender"
14035,208.11,"Medium Spender"
14897,207.50,"Medium Spender"
16283,207.33,"Medium Spender"
15638,207.00,"Medium Spender"
15365,206.90,"Medium Spender"
17293,206.57,"Medium Spender"
13693,206.45,"Medium Spender"
12935,206.25,"Medium Spender"
17602,206.23,"Medium Spender"
16933,206.17,"Medium Spender"
17069,206.10,"Medium Spender"
14649,204.90,"Medium Spender"
13305,204.60,"Medium Spender"
15248,204.58,"Medium Spender"
12975,204.31,"Medium Spender"
17941,204.00,"Medium Spender"
15588,204.00,"Medium Spender"
15602,203.96,"Medium Spender"
17526,203.20,"Medium Spender"
15798,202.76,"Medium Spender"
12687,202.60,"Medium Spender"
15633,202.59,"Medium Spender"
14748,202.13,"Medium Spender"
15215,201.95,"Medium Spender"
13481,201.60,"Medium Spender"
12644,201.45,"Medium Spender"
16383,201.38,"Medium Spender"
16067,201.36,"Medium Spender"
17096,200.60,"Medium Spender"
17913,200.40,"Medium Spender"
12516,200.10,"Medium Spender"
15228,199.95,"Medium Spender"
17449,199.71,"Medium Spender"
14047,199.53,"Medium Spender"
17107,199.15,"Medium Spender"
14643,198.84,"Medium Spender"
12662,198.30,"Medium Spender"
16004,198.10,"Medium Spender"
12708,198.00,"Medium Spender"
13510,197.53,"Medium Spender"
14209,197.30,"Medium Spender"
18145,197.30,"Medium Spender"
14930,196.91,"Medium Spender"
12836,196.65,"Medium Spender"
16611,196.60,"Medium Spender"
12424,196.48,"Medium Spender"
12841,195.94,"Medium Spender"
12782,195.55,"Medium Spender"
17596,195.43,"Medium Spender"
15482,195.42,"Medium Spender"
17400,194.92,"Medium Spender"
13230,194.76,"Medium Spender"
12369,194.46,"Medium Spender"
14466,194.40,"Medium Spender"
15123,193.50,"Medium Spender"
13916,193.45,"Medium Spender"
16401,193.31,"Medium Spender"
14459,193.20,"Medium Spender"
17001,193.08,"Medium Spender"
15978,192.36,"Medium Spender"
14555,192.15,"Medium Spender"
14379,192.01,"Medium Spender"
16499,191.91,"Medium Spender"
15480,191.58,"Medium Spender"
16772,191.55,"Medium Spender"
13577,191.48,"Medium Spender"
12872,191.30,"Medium Spender"
14107,191.16,"Medium Spender"
16471,190.98,"Medium Spender"
16197,190.50,"Medium Spender"
14136,190.47,"Medium Spender"
16467,189.00,"Medium Spender"
13736,188.65,"Medium Spender"
13963,188.44,"Medium Spender"
12766,188.34,"Medium Spender"
13334,188.33,"Medium Spender"
17612,187.93,"Medium Spender"
17644,187.78,"Medium Spender"
15673,187.65,"Medium Spender"
14882,187.15,"Medium Spender"
14449,186.97,"Medium Spender"
13663,186.80,"Medium Spender"
14334,186.73,"Medium Spender"
18097,186.60,"Medium Spender"
13410,186.60,"Medium Spender"
17018,186.50,"Medium Spender"
12744,186.35,"Medium Spender"
14044,186.13,"Medium Spender"
16919,185.98,"Medium Spender"
13209,185.80,"Medium Spender"
13384,185.76,"Medium Spender"
17496,185.70,"Medium Spender"
16225,185.20,"Medium Spender"
13023,184.80,"Medium Spender"
15129,184.25,"Medium Spender"
17519,183.60,"Medium Spender"
13154,183.58,"Medium Spender"
13643,183.35,"Medium Spender"
12586,183.35,"Medium Spender"
14057,183.22,"Medium Spender"
12631,183.10,"Medium Spender"
16335,183.09,"Medium Spender"
17730,183.00,"Medium Spender"
14514,182.90,"Medium Spender"
14496,182.90,"Medium Spender"
18170,182.57,"Medium Spender"
14112,182.47,"Medium Spender"
13769,181.60,"Medium Spender"
15367,181.55,"Medium Spender"
14540,181.33,"Medium Spender"
16992,181.30,"Medium Spender"
18258,181.11,"Medium Spender"
16795,180.90,"Medium Spender"
16983,180.74,"Medium Spender"
16940,180.50,"Medium Spender"
16105,180.50,"Medium Spender"
13357,180.45,"Medium Spender"
16279,180.15,"Medium Spender"
15227,179.78,"Medium Spender"
17700,179.12,"Medium Spender"
15817,179.07,"Medium Spender"
15024,178.75,"Medium Spender"
13477,178.58,"Medium Spender"
16560,178.09,"Medium Spender"
13823,177.98,"Medium Spender"
16341,177.94,"Medium Spender"
16719,177.57,"Medium Spender"
14837,177.40,"Medium Spender"
17884,177.03,"Medium Spender"
17059,176.97,"Medium Spender"
16147,176.70,"Medium Spender"
16954,176.70,"Medium Spender"
15812,176.50,"Medium Spender"
14770,176.49,"Medium Spender"
17147,176.34,"Medium Spender"
16455,176.30,"Medium Spender"
16854,176.26,"Medium Spender"
15596,175.85,"Medium Spender"
14215,175.82,"Medium Spender"
13652,175.73,"Medium Spender"
13875,175.60,"Medium Spender"
16024,175.45,"Medium Spender"
15032,174.95,"Medium Spender"
16255,174.65,"Medium Spender"
16655,174.64,"Medium Spender"
14695,174.38,"Medium Spender"
17758,174.37,"Medium Spender"
18109,174.33,"Medium Spender"
14572,174.16,"Medium Spender"
12649,174.00,"Medium Spender"
15538,174.00,"Medium Spender"
16153,173.55,"Medium Spender"
16256,173.28,"Medium Spender"
16104,173.05,"Medium Spender"
17508,172.83,"Medium Spender"
12726,172.20,"Medium Spender"
17127,172.05,"Medium Spender"
14852,171.11,"Medium Spender"
15422,170.97,"Medium Spender"
16150,170.90,"Medium Spender"
16767,170.75,"Medium Spender"
16894,170.33,"Medium Spender"
16316,170.32,"Medium Spender"
15271,170.27,"Medium Spender"
15712,170.25,"Medium Spender"
13157,168.95,"Medium Spender"
16118,168.92,"Medium Spender"
17242,168.90,"Medium Spender"
15628,168.88,"Medium Spender"
17211,168.60,"Medium Spender"
17082,168.30,"Medium Spender"
15916,168.14,"Medium Spender"
14390,168.10,"Medium Spender"
13018,168.07,"Medium Spender"
13421,168.05,"Medium Spender"
13299,167.55,"Medium Spender"
14745,167.25,"Medium Spender"
15665,166.88,"Medium Spender"
15030,166.85,"Medium Spender"
12761,166.80,"Medium Spender"
17666,166.80,"Medium Spender"
14205,166.65,"Medium Spender"
13842,166.30,"Medium Spender"
14292,166.20,"Medium Spender"
12982,166.15,"Medium Spender"
16686,165.72,"Medium Spender"
17878,165.70,"Medium Spender"
12932,165.62,"Medium Spender"
14692,165.25,"Medium Spender"
13377,165.07,"Medium Spender"
17031,165.00,"Medium Spender"
12483,164.90,"Medium Spender"
17276,164.44,"Medium Spender"
17968,164.15,"Medium Spender"
16608,163.80,"Medium Spender"
15716,163.72,"Medium Spender"
15015,163.65,"Medium Spender"
12609,163.45,"Medium Spender"
15122,163.43,"Medium Spender"
17028,163.40,"Medium Spender"
14653,163.40,"Medium Spender"
16347,163.28,"Medium Spender"
14195,163.20,"Medium Spender"
13888,163.10,"Medium Spender"
14669,162.89,"Medium Spender"
13647,162.60,"Medium Spender"
15754,162.48,"Medium Spender"
14451,162.40,"Medium Spender"
14732,162.34,"Medium Spender"
16812,162.15,"Medium Spender"
12813,162.00,"Medium Spender"
13015,161.93,"Medium Spender"
17465,161.87,"Medium Spender"
12910,161.46,"Medium Spender"
14295,161.23,"Medium Spender"
16717,161.10,"Medium Spender"
13995,161.07,"Medium Spender"
12809,161.05,"Medium Spender"
16409,160.78,"Medium Spender"
12510,160.76,"Medium Spender"
14332,160.70,"Medium Spender"
17372,160.69,"Medium Spender"
16470,160.10,"Medium Spender"
13815,160.07,"Medium Spender"
17203,159.95,"Medium Spender"
15400,159.90,"Medium Spender"
15858,159.79,"Medium Spender"
17822,159.54,"Medium Spender"
16167,159.46,"Medium Spender"
16296,159.30,"Medium Spender"
12589,158.80,"Medium Spender"
12847,158.30,"Medium Spender"
13982,158.19,"Medium Spender"
15384,158.10,"Medium Spender"
18079,158.08,"Medium Spender"
15312,157.88,"Medium Spender"
12359,157.85,"Medium Spender"
12368,157.70,"Medium Spender"
14634,157.67,"Medium Spender"
15095,157.65,"Medium Spender"
16202,157.64,"Medium Spender"
13854,157.56,"Medium Spender"
17396,157.50,"Medium Spender"
16331,157.40,"Medium Spender"
12656,157.35,"Medium Spender"
13196,157.14,"Medium Spender"
17180,156.94,"Medium Spender"
15803,156.72,"Medium Spender"
17222,156.59,"Medium Spender"
16823,156.38,"Medium Spender"
14410,156.15,"Medium Spender"
16033,156.02,"Medium Spender"
16797,155.44,"Medium Spender"
17679,155.10,"Medium Spender"
15279,155.10,"Medium Spender"
16791,155.06,"Medium Spender"
12600,154.80,"Medium Spender"
12926,154.68,"Medium Spender"
16266,154.55,"Medium Spender"
13037,154.50,"Medium Spender"
15290,154.20,"Medium Spender"
14161,153.79,"Medium Spender"
12377,153.75,"Medium Spender"
16005,153.35,"Medium Spender"
16241,152.88,"Medium Spender"
18277,152.70,"Medium Spender"
18219,152.66,"Medium Spender"
16986,152.65,"Medium Spender"
14064,152.64,"Medium Spender"
13979,152.54,"Medium Spender"
13557,152.52,"Medium Spender"
15142,152.28,"Medium Spender"
16510,152.07,"Medium Spender"
12733,151.95,"Medium Spender"
13922,151.50,"Medium Spender"
17241,150.95,"Medium Spender"
14701,150.77,"Medium Spender"
12378,150.36,"Medium Spender"
13117,150.04,"Medium Spender"
14898,149.80,"Medium Spender"
14021,149.75,"Medium Spender"
13527,149.50,"Medium Spender"
16835,149.45,"Medium Spender"
17977,149.35,"Medium Spender"
14963,149.10,"Medium Spender"
12455,149.03,"Medium Spender"
15301,148.76,"Medium Spender"
13531,148.63,"Medium Spender"
18171,148.60,"Medium Spender"
16883,148.52,"Medium Spender"
16771,148.41,"Medium Spender"
17552,148.35,"Medium Spender"
12967,148.20,"Medium Spender"
16094,148.00,"Medium Spender"
13280,147.71,"Medium Spender"
14831,147.25,"Medium Spender"
13407,147.06,"Medium Spender"
16612,147.00,"Medium Spender"
16477,146.10,"Medium Spender"
17621,146.00,"Medium Spender"
15493,145.93,"Medium Spender"
13485,145.75,"Medium Spender"
13901,145.58,"Medium Spender"
16395,145.57,"Medium Spender"
16032,145.47,"Medium Spender"
15934,145.44,"Medium Spender"
13648,145.42,"Medium Spender"
12849,145.19,"Medium Spender"
16748,145.00,"Medium Spender"
13763,145.00,"Medium Spender"
12531,144.90,"Medium Spender"
15182,144.80,"Medium Spender"
16012,144.70,"Medium Spender"
13443,144.43,"Medium Spender"
13855,144.13,"Medium Spender"
12802,144.00,"Medium Spender"
16859,143.92,"Medium Spender"
13554,143.45,"Medium Spender"
13473,143.26,"Medium Spender"
16351,143.20,"Medium Spender"
15494,142.89,"Medium Spender"
13921,142.85,"Medium Spender"
13859,142.80,"Medium Spender"
13126,142.66,"Medium Spender"
15521,142.60,"Medium Spender"
15413,142.50,"Medium Spender"
12865,142.38,"Medium Spender"
13635,142.38,"Medium Spender"
13562,142.20,"Medium Spender"
15946,142.20,"Medium Spender"
17529,142.02,"Medium Spender"
15518,141.66,"Medium Spender"
17738,141.50,"Medium Spender"
15862,141.32,"Medium Spender"
13905,141.30,"Medium Spender"
15059,141.26,"Medium Spender"
12576,141.00,"Medium Spender"
14257,140.78,"Medium Spender"
14844,140.76,"Medium Spender"
17412,140.60,"Medium Spender"
17320,140.55,"Medium Spender"
13032,140.53,"Medium Spender"
15911,140.49,"Medium Spender"
17284,140.10,"Medium Spender"
12779,139.98,"Medium Spender"
17871,139.97,"Medium Spender"
17690,139.67,"Medium Spender"
16485,139.51,"Medium Spender"
12500,139.48,"Medium Spender"
14926,139.20,"Medium Spender"
15387,139.20,"Medium Spender"
18151,139.15,"Medium Spender"
14186,138.94,"Medium Spender"
16253,138.90,"Medium Spender"
16233,138.90,"Medium Spender"
13382,138.84,"Medium Spender"
16128,138.76,"Medium Spender"
15827,138.40,"Medium Spender"
16918,138.19,"Medium Spender"
16017,138.15,"Medium Spender"
13156,138.00,"Medium Spender"
13431,137.90,"Medium Spender"
14225,137.67,"Medium Spender"
14221,137.35,"Medium Spender"
16059,137.10,"Medium Spender"
14078,137.05,"Medium Spender"
18230,136.80,"Medium Spender"
12389,136.80,"Medium Spender"
15393,136.70,"Medium Spender"
16290,136.60,"Medium Spender"
13874,136.10,"Medium Spender"
15434,135.78,"Medium Spender"
15797,135.68,"Medium Spender"
13173,135.53,"Medium Spender"
15694,135.40,"Medium Spender"
12724,134.40,"Medium Spender"
13611,134.38,"Medium Spender"
17115,134.19,"Medium Spender"
18066,134.10,"Medium Spender"
15073,134.05,"Medium Spender"
13654,134.04,"Medium Spender"
13440,134.00,"Medium Spender"
14562,133.85,"Medium Spender"
17348,133.77,"Medium Spender"
15782,133.68,"Medium Spender"
16393,133.20,"Medium Spender"
13012,133.10,"Medium Spender"
17931,132.90,"Medium Spender"
15222,132.82,"Medium Spender"
14984,132.60,"Medium Spender"
15325,132.57,"Medium Spender"
16300,132.50,"Medium Spender"
14396,132.50,"Medium Spender"
17084,132.45,"Medium Spender"
17075,132.40,"Medium Spender"
17350,132.20,"Medium Spender"
17584,132.16,"Medium Spender"
16775,132.15,"Medium Spender"
17349,132.11,"Medium Spender"
18257,132.00,"Medium Spender"
13696,132.00,"Medium Spender"
16206,131.95,"Medium Spender"
13501,131.90,"Medium Spender"
15764,131.80,"Medium Spender"
15430,131.75,"Medium Spender"
16365,131.68,"Medium Spender"
13464,131.40,"Medium Spender"
16265,131.40,"Medium Spender"
14177,131.39,"Medium Spender"
13338,131.25,"Medium Spender"
17969,131.25,"Medium Spender"
14710,131.18,"Medium Spender"
14538,130.90,"Medium Spender"
17002,130.86,"Medium Spender"
15794,130.80,"Medium Spender"
13152,130.78,"Medium Spender"
15750,130.65,"Medium Spender"
17669,130.30,"Medium Spender"
12840,130.10,"Medium Spender"
14239,130.08,"Medium Spender"
15751,130.05,"Medium Spender"
15860,129.62,"Medium Spender"
14304,129.48,"Medium Spender"
12863,129.45,"Medium Spender"
13455,128.88,"Medium Spender"
17213,128.85,"Medium Spender"
17754,128.79,"Medium Spender"
17544,128.50,"Medium Spender"
15865,128.40,"Medium Spender"
17080,128.16,"Medium Spender"
17218,128.15,"Medium Spender"
14198,127.90,"Medium Spender"
12530,127.80,"Medium Spender"
18287,127.60,"Medium Spender"
15268,127.50,"Medium Spender"
16271,127.26,"Medium Spender"
16458,127.17,"Medium Spender"
16374,127.06,"Medium Spender"
15351,127.05,"Medium Spender"
17032,127.05,"Medium Spender"
15637,127.03,"Medium Spender"
14372,126.95,"Medium Spender"
15261,126.90,"Medium Spender"
15811,126.84,"Medium Spender"
15439,126.65,"Medium Spender"
15326,126.50,"Medium Spender"
12791,126.30,"Medium Spender"
17672,126.12,"Medium Spender"
16917,125.95,"Medium Spender"
13849,125.91,"Medium Spender"
17692,125.70,"Medium Spender"
13719,125.37,"Medium Spender"
16177,125.00,"Medium Spender"
16143,124.95,"Medium Spender"
17150,124.15,"Medium Spender"
17540,123.75,"Medium Spender"
13750,123.66,"Medium Spender"
15561,123.64,"Medium Spender"
16619,123.53,"Medium Spender"
17994,123.40,"Medium Spender"
13920,123.24,"Medium Spender"
18236,123.19,"Medium Spender"
15572,123.12,"Medium Spender"
15710,122.90,"Medium Spender"
12371,122.88,"Medium Spender"
14655,122.70,"Medium Spender"
16099,122.50,"Medium Spender"
15370,122.40,"Medium Spender"
14498,122.22,"Medium Spender"
14867,122.20,"Medium Spender"
16358,122.18,"Medium Spender"
15203,122.18,"Medium Spender"
15752,121.89,"Medium Spender"
12653,121.80,"Medium Spender"
16913,121.68,"Medium Spender"
12963,121.55,"Medium Spender"
14712,121.50,"Medium Spender"
17759,121.25,"Medium Spender"
13722,120.66,"Medium Spender"
15965,120.64,"Medium Spender"
16174,120.50,"Medium Spender"
15910,120.06,"Medium Spender"
17673,119.80,"Medium Spender"
13813,119.47,"Medium Spender"
14408,119.40,"Medium Spender"
17201,119.31,"Medium Spender"
15629,119.28,"Medium Spender"
17223,119.20,"Medium Spender"
13768,119.10,"Medium Spender"
15532,118.83,"Medium Spender"
15380,118.80,"Medium Spender"
14835,118.80,"Medium Spender"
14478,118.70,"Medium Spender"
13213,118.50,"Medium Spender"
17851,118.30,"Medium Spender"
14640,118.05,"Medium Spender"
16085,118.02,"Medium Spender"
18177,117.90,"Medium Spender"
15249,117.70,"Medium Spender"
13884,117.60,"Medium Spender"
15678,117.50,"Medium Spender"
13782,117.48,"Medium Spender"
16774,117.47,"Medium Spender"
17406,117.25,"Medium Spender"
15617,117.20,"Medium Spender"
17436,117.06,"Medium Spender"
17560,116.95,"Medium Spender"
12408,116.88,"Medium Spender"
13890,116.55,"Medium Spender"
13772,116.53,"Medium Spender"
12721,116.30,"Medium Spender"
17314,115.70,"Medium Spender"
13202,115.40,"Medium Spender"
15468,115.22,"Medium Spender"
12951,115.05,"Medium Spender"
15550,115.00,"Medium Spender"
16434,114.95,"Medium Spender"
13201,114.90,"Medium Spender"
13014,114.40,"Medium Spender"
16086,114.26,"Medium Spender"
14492,114.20,"Medium Spender"
16520,114.01,"Medium Spender"
13929,114.00,"Medium Spender"
15253,113.90,"Medium Spender"
13288,113.82,"Medium Spender"
16625,113.70,"Medium Spender"
15373,113.69,"Medium Spender"
14512,113.63,"Medium Spender"
15489,113.25,"Medium Spender"
15329,112.93,"Medium Spender"
13253,112.80,"Medium Spender"
13065,112.64,"Medium Spender"
16083,112.20,"Medium Spender"
17966,112.20,"Medium Spender"
14301,112.02,"Medium Spender"
12582,111.96,"Medium Spender"
12870,111.74,"Medium Spender"
17132,111.59,"Medium Spender"
16244,111.38,"Medium Spender"
17020,111.36,"Medium Spender"
15452,111.32,"Medium Spender"
17050,111.25,"Medium Spender"
16895,111.20,"Medium Spender"
16048,111.00,"Medium Spender"
16634,110.30,"Medium Spender"
13361,110.30,"Medium Spender"
16062,110.22,"Medium Spender"
16461,110.05,"Medium Spender"
14129,109.80,"Medium Spender"
16891,109.56,"Medium Spender"
13246,109.51,"Medium Spender"
16384,109.50,"Medium Spender"
14639,109.20,"Medium Spender"
13655,109.05,"Medium Spender"
18101,108.90,"Medium Spender"
12853,108.90,"Medium Spender"
15159,108.80,"Medium Spender"
14988,108.65,"Medium Spender"
16503,108.60,"Medium Spender"
12820,108.48,"Medium Spender"
14355,108.33,"Medium Spender"
14909,108.30,"Medium Spender"
14343,108.15,"Medium Spender"
13458,108.06,"Medium Spender"
17442,107.85,"Medium Spender"
18085,107.85,"Medium Spender"
13168,107.80,"Medium Spender"
18242,107.76,"Medium Spender"
13919,107.70,"Medium Spender"
17193,107.40,"Medium Spender"
12671,107.34,"Medium Spender"
14309,107.29,"Medium Spender"
16329,107.27,"Medium Spender"
17038,107.16,"Medium Spender"
13692,107.04,"Medium Spender"
17034,107.00,"Medium Spender"
12484,107.00,"Medium Spender"
12594,107.00,"Medium Spender"
16231,106.90,"Medium Spender"
16742,106.85,"Medium Spender"
14679,106.78,"Medium Spender"
13276,106.74,"Medium Spender"
13745,106.56,"Medium Spender"
14068,106.53,"Medium Spender"
15051,106.38,"Medium Spender"
17341,106.20,"Medium Spender"
17921,106.05,"Medium Spender"
16326,105.94,"Medium Spender"
14265,105.80,"Medium Spender"
15708,105.73,"Medium Spender"
15245,105.60,"Medium Spender"
12911,105.59,"Medium Spender"
16007,105.44,"Medium Spender"
17298,105.43,"Medium Spender"
14534,105.29,"Medium Spender"
17853,105.24,"Medium Spender"
18181,105.08,"Medium Spender"
14404,104.94,"Medium Spender"
16129,104.92,"Medium Spender"
14651,104.82,"Medium Spender"
14217,104.75,"Medium Spender"
13415,104.49,"Medium Spender"
17728,104.46,"Medium Spender"
13039,104.20,"Medium Spender"
12637,104.10,"Medium Spender"
13996,103.98,"Medium Spender"
16784,103.86,"Medium Spender"
15240,103.75,"Medium Spender"
17919,103.68,"Medium Spender"
15425,103.65,"Medium Spender"
14584,103.55,"Medium Spender"
17633,103.50,"Medium Spender"
18214,103.50,"Medium Spender"
13641,103.26,"Medium Spender"
17048,103.20,"Medium Spender"
18144,103.20,"Medium Spender"
12374,103.20,"Medium Spender"
14409,103.10,"Medium Spender"
12928,103.08,"Medium Spender"
13192,102.90,"Medium Spender"
18069,102.84,"Medium Spender"
12632,102.74,"Medium Spender"
13976,102.71,"Medium Spender"
15128,102.70,"Medium Spender"
13259,102.61,"Medium Spender"
12645,102.60,"Medium Spender"
13330,102.54,"Medium Spender"
15563,102.52,"Medium Spender"
14922,102.45,"Medium Spender"
15796,102.45,"Medium Spender"
14489,102.35,"Medium Spender"
12418,102.09,"Medium Spender"
15304,102.00,"Medium Spender"
13091,102.00,"Medium Spender"
13108,102.00,"Medium Spender"
12393,101.90,"Medium Spender"
15013,101.88,"Medium Spender"
16749,101.82,"Medium Spender"
16204,101.80,"Medium Spender"
16975,101.79,"Medium Spender"
13770,101.55,"Medium Spender"
12507,101.40,"Medium Spender"
16190,101.37,"Medium Spender"
15514,101.37,"Medium Spender"
12711,101.26,"Medium Spender"
16003,101.23,"Medium Spender"
16907,101.20,"Medium Spender"
16960,101.19,"Medium Spender"
16702,101.16,"Medium Spender"
15985,101.10,"Medium Spender"
12909,101.05,"Medium Spender"
15587,100.80,"Medium Spender"
14776,100.80,"Medium Spender"
13632,100.75,"Medium Spender"
17961,100.74,"Medium Spender"
12755,100.65,"Medium Spender"
15154,100.48,"Medium Spender"
17343,100.43,"Medium Spender"
12523,100.37,"Medium Spender"
16163,100.35,"Medium Spender"
13838,100.10,"Medium Spender"
13523,99.95,"Low Spender"
15117,99.90,"Low Spender"
17289,99.77,"Low Spender"
17322,99.59,"Low Spender"
17090,99.45,"Low Spender"
15732,99.40,"Low Spender"
17894,99.35,"Low Spender"
16036,99.30,"Low Spender"
17083,99.00,"Low Spender"
16275,98.98,"Low Spender"
15814,98.96,"Low Spender"
14605,98.70,"Low Spender"
16551,98.68,"Low Spender"
12406,98.50,"Low Spender"
15600,98.46,"Low Spender"
14740,98.25,"Low Spender"
12873,98.10,"Low Spender"
14644,98.00,"Low Spender"
14869,97.98,"Low Spender"
16466,97.95,"Low Spender"
15031,97.94,"Low Spender"
16098,97.80,"Low Spender"
13240,97.73,"Low Spender"
17764,97.05,"Low Spender"
14850,96.70,"Low Spender"
17259,96.60,"Low Spender"
14857,96.58,"Low Spender"
17046,96.56,"Low Spender"
17539,96.45,"Low Spender"
14515,96.15,"Low Spender"
16848,96.15,"Low Spender"
16039,96.14,"Low Spender"
14290,96.00,"Low Spender"
15420,95.97,"Low Spender"
14556,95.85,"Low Spender"
16221,95.85,"Low Spender"
16223,95.80,"Low Spender"
12379,95.80,"Low Spender"
17717,95.80,"Low Spender"
13797,95.19,"Low Spender"
13911,94.92,"Low Spender"
12696,94.86,"Low Spender"
15443,94.66,"Low Spender"
15390,94.66,"Low Spender"
13761,94.65,"Low Spender"
13985,94.50,"Low Spender"
13610,94.50,"Low Spender"
15714,94.40,"Low Spender"
16428,94.23,"Low Spender"
17228,94.20,"Low Spender"
16016,94.10,"Low Spender"
16287,93.90,"Low Spender"
16307,93.90,"Low Spender"
14152,93.78,"Low Spender"
18149,93.75,"Low Spender"
16419,93.73,"Low Spender"
16081,93.65,"Low Spender"
17756,93.31,"Low Spender"
16369,93.30,"Low Spender"
13118,93.25,"Low Spender"
15306,93.20,"Low Spender"
14902,92.70,"Low Spender"
15730,92.70,"Low Spender"
14235,92.54,"Low Spender"
13688,92.50,"Low Spender"
16836,92.15,"Low Spender"
17742,92.07,"Low Spender"
16743,92.00,"Low Spender"
15559,91.95,"Low Spender"
15903,91.80,"Low Spender"
15759,91.80,"Low Spender"
16568,91.80,"Low Spender"
14628,91.74,"Low Spender"
15379,91.74,"Low Spender"
14182,91.72,"Low Spender"
16726,91.48,"Low Spender"
14891,91.40,"Low Spender"
16987,91.38,"Low Spender"
13520,91.35,"Low Spender"
14940,91.30,"Low Spender"
14358,91.20,"Low Spender"
13567,91.00,"Low Spender"
13233,90.96,"Low Spender"
15791,90.90,"Low Spender"
16278,90.83,"Low Spender"
13537,90.80,"Low Spender"
12868,90.75,"Low Spender"
14854,90.65,"Low Spender"
15169,90.60,"Low Spender"
14236,90.50,"Low Spender"
14316,90.48,"Low Spender"
15322,90.45,"Low Spender"
17432,90.30,"Low Spender"
14060,90.23,"Low Spender"
16606,90.15,"Low Spender"
12703,90.05,"Low Spender"
17681,90.00,"Low Spender"
15960,90.00,"Low Spender"
13640,90.00,"Low Spender"
17908,89.95,"Low Spender"
16693,89.83,"Low Spender"
17567,89.70,"Low Spender"
14256,89.60,"Low Spender"
18264,89.55,"Low Spender"
17490,89.50,"Low Spender"
16600,89.46,"Low Spender"
15164,89.45,"Low Spender"
13287,89.40,"Low Spender"
15151,89.40,"Low Spender"
17155,89.30,"Low Spender"
12553,89.30,"Low Spender"
17074,89.25,"Low Spender"
15105,89.25,"Low Spender"
13204,89.20,"Low Spender"
13538,89.10,"Low Spender"
12402,89.10,"Low Spender"
16155,89.05,"Low Spender"
17515,89.02,"Low Spender"
15199,88.90,"Low Spender"
17047,88.90,"Low Spender"
14437,88.80,"Low Spender"
16115,88.50,"Low Spender"
15660,88.50,"Low Spender"
15282,88.50,"Low Spender"
17743,88.50,"Low Spender"
14467,88.35,"Low Spender"
17179,88.30,"Low Spender"
13266,88.30,"Low Spender"
13873,88.15,"Low Spender"
16493,88.14,"Low Spender"
15994,88.05,"Low Spender"
16991,87.93,"Low Spender"
16787,87.89,"Low Spender"
15353,87.85,"Low Spender"
17863,87.68,"Low Spender"
17235,87.50,"Low Spender"
13514,87.50,"Low Spender"
15658,87.45,"Low Spender"
16755,87.40,"Low Spender"
14896,87.40,"Low Spender"
14899,87.04,"Low Spender"
16788,87.02,"Low Spender"
18272,86.82,"Low Spender"
13623,86.65,"Low Spender"
17220,86.64,"Low Spender"
15194,86.64,"Low Spender"
14264,86.40,"Low Spender"
16043,86.40,"Low Spender"
18096,86.39,"Low Spender"
12360,86.30,"Low Spender"
15606,86.30,"Low Spender"
15607,86.10,"Low Spender"
16040,86.10,"Low Spender"
15972,86.00,"Low Spender"
13042,85.95,"Low Spender"
16707,85.90,"Low Spender"
16176,85.80,"Low Spender"
15747,85.60,"Low Spender"
13292,85.20,"Low Spender"
15579,85.09,"Low Spender"
17811,85.05,"Low Spender"
13649,85.05,"Low Spender"
14180,84.75,"Low Spender"
15141,84.75,"Low Spender"
12413,84.65,"Low Spender"
15664,84.64,"Low Spender"
14693,84.60,"Low Spender"
12670,84.60,"Low Spender"
14630,84.45,"Low Spender"
13297,84.32,"Low Spender"
13871,84.30,"Low Spender"
17575,84.30,"Low Spender"
13778,84.28,"Low Spender"
12533,84.10,"Low Spender"
14421,84.00,"Low Spender"
13662,83.85,"Low Spender"
14847,83.75,"Low Spender"
14510,83.58,"Low Spender"
16926,83.49,"Low Spender"
14296,83.40,"Low Spender"
12970,83.25,"Low Spender"
16595,83.05,"Low Spender"
17609,82.89,"Low Spender"
16501,82.84,"Low Spender"
16345,82.80,"Low Spender"
13561,82.78,"Low Spender"
12997,82.70,"Low Spender"
14901,82.60,"Low Spender"
16523,82.50,"Low Spender"
13785,82.50,"Low Spender"
16807,82.50,"Low Spender"
13764,82.48,"Low Spender"
13863,82.35,"Low Spender"
17126,82.30,"Low Spender"
12924,81.95,"Low Spender"
14370,81.90,"Low Spender"
17491,81.90,"Low Spender"
16534,81.85,"Low Spender"
14463,81.75,"Low Spender"
17003,81.70,"Low Spender"
17188,81.68,"Low Spender"
15792,81.60,"Low Spender"
14987,81.60,"Low Spender"
17176,81.60,"Low Spender"
14173,81.60,"Low Spender"
12986,81.55,"Low Spender"
18016,81.45,"Low Spender"
16827,81.36,"Low Spender"
17008,81.36,"Low Spender"
16416,81.35,"Low Spender"
17585,81.32,"Low Spender"
14320,81.30,"Low Spender"
13425,81.30,"Low Spender"
13059,81.30,"Low Spender"
17190,81.27,"Low Spender"
13074,81.20,"Low Spender"
15259,81.15,"Low Spender"
16857,81.00,"Low Spender"
17594,81.00,"Low Spender"
17288,80.99,"Low Spender"
18077,80.90,"Low Spender"
14260,80.85,"Low Spender"
14558,80.85,"Low Spender"
14741,80.70,"Low Spender"
15810,80.59,"Low Spender"
16841,80.40,"Low Spender"
14327,80.30,"Low Spender"
12492,80.25,"Low Spender"
12937,80.20,"Low Spender"
13478,80.15,"Low Spender"
15265,80.02,"Low Spender"
12638,80.00,"Low Spender"
12664,80.00,"Low Spender"
13197,79.90,"Low Spender"
14220,79.90,"Low Spender"
14365,79.80,"Low Spender"
17722,79.50,"Low Spender"
13077,79.49,"Low Spender"
12599,79.20,"Low Spender"
14283,79.20,"Low Spender"
15466,79.04,"Low Spender"
13462,78.90,"Low Spender"
17548,78.90,"Low Spender"
17233,78.70,"Low Spender"
13286,78.70,"Low Spender"
15529,78.45,"Low Spender"
13337,78.45,"Low Spender"
16340,78.40,"Low Spender"
14942,78.36,"Low Spender"
17368,78.30,"Low Spender"
16838,78.30,"Low Spender"
13613,78.28,"Low Spender"
13281,78.15,"Low Spender"
13665,78.10,"Low Spender"
14306,78.08,"Low Spender"
15992,78.00,"Low Spender"
16214,78.00,"Low Spender"
14870,78.00,"Low Spender"
15887,78.00,"Low Spender"
18173,77.96,"Low Spender"
12412,77.91,"Low Spender"
16010,77.88,"Low Spender"
13439,77.88,"Low Spender"
15402,77.87,"Low Spender"
13506,77.70,"Low Spender"
14868,77.64,"Low Spender"
13579,77.55,"Low Spender"
14431,77.55,"Low Spender"
13775,77.48,"Low Spender"
17006,77.48,"Low Spender"
16391,77.44,"Low Spender"
13650,77.40,"Low Spender"
15111,77.35,"Low Spender"
16658,77.30,"Low Spender"
17438,77.25,"Low Spender"
14966,77.06,"Low Spender"
13362,77.00,"Low Spender"
12694,77.00,"Low Spender"
18271,77.00,"Low Spender"
13019,76.76,"Low Spender"
16159,76.76,"Low Spender"
15889,76.73,"Low Spender"
12811,76.50,"Low Spender"
17165,76.40,"Low Spender"
12978,76.35,"Low Spender"
15042,76.32,"Low Spender"
17768,76.32,"Low Spender"
17534,76.20,"Low Spender"
17792,76.17,"Low Spender"
15456,76.10,"Low Spender"
16638,76.10,"Low Spender"
17950,76.05,"Low Spender"
17122,76.00,"Low Spender"
16825,76.00,"Low Spender"
14934,75.96,"Low Spender"
15426,75.95,"Low Spender"
13821,75.85,"Low Spender"
16232,75.60,"Low Spender"
18253,75.60,"Low Spender"
15241,75.54,"Low Spender"
13836,75.53,"Low Spender"
16802,75.49,"Low Spender"
18060,75.48,"Low Spender"
13543,75.45,"Low Spender"
16935,75.40,"Low Spender"
13167,75.30,"Low Spender"
12993,75.25,"Low Spender"
12778,75.25,"Low Spender"
17062,75.02,"Low Spender"
12701,74.90,"Low Spender"
13878,74.90,"Low Spender"
12486,74.80,"Low Spender"
14790,74.42,"Low Spender"
15188,74.28,"Low Spender"
14513,74.25,"Low Spender"
18036,74.23,"Low Spender"
14114,74.20,"Low Spender"
16946,74.10,"Low Spender"
15366,74.04,"Low Spender"
17194,74.00,"Low Spender"
16950,73.91,"Low Spender"
16235,73.85,"Low Spender"
15058,73.85,"Low Spender"
16725,73.83,"Low Spender"
15878,73.80,"Low Spender"
12480,73.80,"Low Spender"
13085,73.80,"Low Spender"
17142,73.80,"Low Spender"
14623,73.70,"Low Spender"
15081,73.54,"Low Spender"
13534,73.50,"Low Spender"
12862,73.41,"Low Spender"
16521,73.26,"Low Spender"
14631,73.20,"Low Spender"
18022,73.01,"Low Spender"
15535,73.00,"Low Spender"
12426,72.95,"Low Spender"
14573,72.91,"Low Spender"
18074,72.90,"Low Spender"
16809,72.80,"Low Spender"
12786,72.60,"Low Spender"
17454,72.55,"Low Spender"
14994,72.40,"Low Spender"
17702,72.35,"Low Spender"
12625,72.30,"Low Spender"
12577,72.20,"Low Spender"
14276,72.20,"Low Spender"
16912,72.10,"Low Spender"
12673,72.00,"Low Spender"
14507,71.90,"Low Spender"
17470,71.88,"Low Spender"
17167,71.86,"Low Spender"
15847,71.85,"Low Spender"
12805,71.80,"Low Spender"
13895,71.70,"Low Spender"
12439,71.55,"Low Spender"
17974,71.48,"Low Spender"
16529,71.43,"Low Spender"
17720,71.40,"Low Spender"
15819,71.40,"Low Spender"
12876,71.40,"Low Spender"
14202,71.40,"Low Spender"
13965,71.10,"Low Spender"
13143,70.95,"Low Spender"
12676,70.80,"Low Spender"
18268,70.80,"Low Spender"
14430,70.80,"Low Spender"
18028,70.80,"Low Spender"
15666,70.79,"Low Spender"
17714,70.65,"Low Spender"
15272,70.59,"Low Spender"
13450,70.56,"Low Spender"
17212,70.56,"Low Spender"
16205,70.55,"Low Spender"
13740,70.50,"Low Spender"
13723,70.43,"Low Spender"
14506,70.39,"Low Spender"
16654,70.35,"Low Spender"
16108,70.35,"Low Spender"
14450,70.35,"Low Spender"
12423,70.30,"Low Spender"
14055,70.20,"Low Spender"
17635,70.20,"Low Spender"
15651,70.20,"Low Spender"
12933,70.15,"Low Spender"
13803,70.15,"Low Spender"
16450,70.12,"Low Spender"
14600,69.90,"Low Spender"
14167,69.90,"Low Spender"
14979,69.85,"Low Spender"
13721,69.80,"Low Spender"
15323,69.70,"Low Spender"
17558,69.65,"Low Spender"
18221,69.64,"Low Spender"
17815,69.60,"Low Spender"
17016,69.60,"Low Spender"
14665,69.60,"Low Spender"
16392,69.29,"Low Spender"
15519,69.25,"Low Spender"
13971,69.25,"Low Spender"
16415,69.15,"Low Spender"
15254,69.15,"Low Spender"
17676,69.10,"Low Spender"
17578,69.08,"Low Spender"
16860,69.00,"Low Spender"
15027,68.85,"Low Spender"
14686,68.65,"Low Spender"
16101,68.60,"Low Spender"
14285,68.55,"Low Spender"
16531,68.33,"Low Spender"
17274,68.30,"Low Spender"
12960,68.30,"Low Spender"
13980,68.26,"Low Spender"
16920,68.25,"Low Spender"
15920,68.20,"Low Spender"
15101,68.20,"Low Spender"
14010,68.10,"Low Spender"
13005,68.05,"Low Spender"
17411,68.04,"Low Spender"
16586,68.00,"Low Spender"
15183,67.98,"Low Spender"
18188,67.80,"Low Spender"
13124,67.70,"Low Spender"
13656,67.65,"Low Spender"
13203,67.56,"Low Spender"
14938,67.48,"Low Spender"
15165,67.40,"Low Spender"
15696,67.35,"Low Spender"
13709,67.20,"Low Spender"
15057,67.20,"Low Spender"
13417,67.10,"Low Spender"
14127,66.90,"Low Spender"
12784,66.75,"Low Spender"
13375,66.70,"Low Spender"
17236,66.65,"Low Spender"
17530,66.51,"Low Spender"
15551,66.51,"Low Spender"
17196,66.50,"Low Spender"
15590,66.30,"Low Spender"
15173,66.10,"Low Spender"
17689,66.00,"Low Spender"
16077,66.00,"Low Spender"
17746,66.00,"Low Spender"
16199,66.00,"Low Spender"
15197,66.00,"Low Spender"
15181,66.00,"Low Spender"
14924,65.70,"Low Spender"
14353,65.64,"Low Spender"
13627,65.58,"Low Spender"
12429,65.56,"Low Spender"
16739,65.55,"Low Spender"
13583,65.55,"Low Spender"
15540,65.52,"Low Spender"
13030,65.52,"Low Spender"
12485,65.50,"Low Spender"
12635,65.40,"Low Spender"
15190,65.40,"Low Spender"
14226,65.40,"Low Spender"
18259,65.40,"Low Spender"
13880,65.40,"Low Spender"
17430,65.36,"Low Spender"
14991,65.20,"Low Spender"
17814,65.12,"Low Spender"
14673,65.10,"Low Spender"
15476,65.10,"Low Spender"
12575,64.80,"Low Spender"
12563,64.80,"Low Spender"
17478,64.74,"Low Spender"
14829,64.74,"Low Spender"
16437,64.70,"Low Spender"
15886,64.62,"Low Spender"
16515,64.60,"Low Spender"
18239,64.60,"Low Spender"
15861,64.55,"Low Spender"
17422,64.28,"Low Spender"
14065,64.15,"Low Spender"
15842,64.00,"Low Spender"
15995,63.95,"Low Spender"
13820,63.92,"Low Spender"
13602,63.92,"Low Spender"
18031,63.90,"Low Spender"
15428,63.88,"Low Spender"
14130,63.87,"Low Spender"
15016,63.84,"Low Spender"
17623,63.80,"Low Spender"
16948,63.80,"Low Spender"
14307,63.72,"Low Spender"
15765,63.70,"Low Spender"
13313,63.60,"Low Spender"
12370,63.50,"Low Spender"
16264,63.35,"Low Spender"
16636,63.30,"Low Spender"
18078,63.30,"Low Spender"
16601,63.20,"Low Spender"
13984,63.20,"Low Spender"
14083,63.05,"Low Spender"
16124,63.00,"Low Spender"
14920,62.88,"Low Spender"
15879,62.84,"Low Spender"
18118,62.80,"Low Spender"
14230,62.70,"Low Spender"
17071,62.60,"Low Spender"
17694,62.59,"Low Spender"
18025,62.53,"Low Spender"
14170,62.45,"Low Spender"
14524,62.40,"Low Spender"
15534,62.40,"Low Spender"
14723,62.38,"Low Spender"
13459,62.20,"Low Spender"
17954,62.17,"Low Spender"
16905,61.95,"Low Spender"
13807,61.95,"Low Spender"
17854,61.80,"Low Spender"
14615,61.50,"Low Spender"
16281,61.50,"Low Spender"
12825,61.50,"Low Spender"
13263,61.40,"Low Spender"
13310,61.35,"Low Spender"
13140,61.30,"Low Spender"
13304,61.30,"Low Spender"
16555,61.20,"Low Spender"
16194,61.20,"Low Spender"
16535,61.05,"Low Spender"
17143,61.00,"Low Spender"
18140,60.99,"Low Spender"
16904,60.79,"Low Spender"
14563,60.76,"Low Spender"
15109,60.75,"Low Spender"
15542,60.65,"Low Spender"
13939,60.62,"Low Spender"
14480,60.60,"Low Spender"
13539,60.54,"Low Spender"
14821,60.45,"Low Spender"
13064,60.45,"Low Spender"
16677,60.30,"Low Spender"
12450,60.20,"Low Spender"
13705,60.15,"Low Spender"
15167,60.15,"Low Spender"
16034,60.15,"Low Spender"
17664,60.15,"Low Spender"
13393,60.14,"Low Spender"
13762,60.00,"Low Spender"
18057,60.00,"Low Spender"
14460,60.00,"Low Spender"
16178,60.00,"Low Spender"
15586,60.00,"Low Spender"
17671,60.00,"Low Spender"
12385,60.00,"Low Spender"
14414,60.00,"Low Spender"
14687,59.98,"Low Spender"
13360,59.85,"Low Spender"
17687,59.70,"Low Spender"
16138,59.70,"Low Spender"
12598,59.60,"Low Spender"
13832,59.50,"Low Spender"
15317,59.40,"Low Spender"
14479,59.26,"Low Spender"
16756,59.10,"Low Spender"
17043,59.00,"Low Spender"
17339,59.00,"Low Spender"
15912,58.94,"Low Spender"
14839,58.90,"Low Spender"
12915,58.80,"Low Spender"
15630,58.65,"Low Spender"
13961,58.65,"Low Spender"
12797,58.65,"Low Spender"
13295,58.64,"Low Spender"
13242,58.50,"Low Spender"
16468,58.50,"Low Spender"
15341,58.50,"Low Spender"
12796,58.50,"Low Spender"
12730,58.40,"Low Spender"
14986,58.33,"Low Spender"
14807,58.20,"Low Spender"
16979,58.16,"Low Spender"
16212,58.05,"Low Spender"
17787,58.05,"Low Spender"
12425,58.02,"Low Spender"
15826,57.92,"Low Spender"
12727,57.90,"Low Spender"
16109,57.84,"Low Spender"
13566,57.79,"Low Spender"
15107,57.75,"Low Spender"
15021,57.72,"Low Spender"
17963,57.70,"Low Spender"
14219,57.65,"Low Spender"
14798,57.64,"Low Spender"
13851,57.60,"Low Spender"
12395,57.60,"Low Spender"
16541,57.45,"Low Spender"
17366,57.45,"Low Spender"
13857,57.44,"Low Spender"
14157,57.15,"Low Spender"
14905,57.14,"Low Spender"
15828,57.00,"Low Spender"
13546,56.96,"Low Spender"
17345,56.90,"Low Spender"
17141,56.82,"Low Spender"
17882,56.80,"Low Spender"
13717,56.78,"Low Spender"
16439,56.70,"Low Spender"
15180,56.60,"Low Spender"
15646,56.48,"Low Spender"
15192,56.21,"Low Spender"
14474,56.20,"Low Spender"
16631,56.18,"Low Spender"
13988,56.10,"Low Spender"
17643,56.10,"Low Spender"
16934,56.10,"Low Spender"
16906,56.05,"Low Spender"
18106,55.99,"Low Spender"
18179,55.98,"Low Spender"
17521,55.80,"Low Spender"
17473,55.80,"Low Spender"
14315,55.80,"Low Spender"
16834,55.80,"Low Spender"
14775,55.80,"Low Spender"
16411,55.76,"Low Spender"
14715,55.75,"Low Spender"
14204,55.65,"Low Spender"
14499,55.60,"Low Spender"
14955,55.49,"Low Spender"
12693,55.42,"Low Spender"
16576,55.35,"Low Spender"
14738,55.35,"Low Spender"
15778,55.35,"Low Spender"
15350,55.20,"Low Spender"
16518,55.20,"Low Spender"
15140,55.20,"Low Spender"
17323,55.16,"Low Spender"
12775,55.10,"Low Spender"
15198,55.05,"Low Spender"
17244,55.00,"Low Spender"
13729,55.00,"Low Spender"
12648,55.00,"Low Spender"
18286,54.90,"Low Spender"
17226,54.80,"Low Spender"
14565,54.80,"Low Spender"
12897,54.65,"Low Spender"
17984,54.64,"Low Spender"
15982,54.60,"Low Spender"
16648,54.60,"Low Spender"
14597,54.60,"Low Spender"
14346,54.58,"Low Spender"
16254,54.54,"Low Spender"
16511,54.52,"Low Spender"
15795,54.45,"Low Spender"
14624,54.42,"Low Spender"
17807,54.16,"Low Spender"
13110,54.15,"Low Spender"
13833,54.10,"Low Spender"
17477,54.05,"Low Spender"
13151,54.01,"Low Spender"
17095,53.90,"Low Spender"
17797,53.89,"Low Spender"
14341,53.88,"Low Spender"
14758,53.80,"Low Spender"
17860,53.80,"Low Spender"
16650,53.76,"Low Spender"
13852,53.70,"Low Spender"
17137,53.67,"Low Spender"
16211,53.61,"Low Spender"
16711,53.55,"Low Spender"
12837,53.45,"Low Spender"
13363,53.40,"Low Spender"
15288,53.39,"Low Spender"
15757,53.34,"Low Spender"
16765,53.30,"Low Spender"
14904,53.30,"Low Spender"
17642,53.28,"Low Spender"
15882,53.28,"Low Spender"
15362,53.13,"Low Spender"
15636,53.10,"Low Spender"
13502,53.10,"Low Spender"
17110,53.10,"Low Spender"
16817,53.10,"Low Spender"
12458,53.10,"Low Spender"
13500,53.00,"Low Spender"
15026,52.97,"Low Spender"
14877,52.90,"Low Spender"
14248,52.86,"Low Spender"
14024,52.80,"Low Spender"
12578,52.80,"Low Spender"
13024,52.80,"Low Spender"
17667,52.80,"Low Spender"
13862,52.80,"Low Spender"
17561,52.67,"Low Spender"
17886,52.65,"Low Spender"
18116,52.65,"Low Spender"
12874,52.56,"Low Spender"
15209,52.54,"Low Spender"
17159,52.54,"Low Spender"
17332,52.53,"Low Spender"
15634,52.50,"Low Spender"
14890,52.50,"Low Spender"
13516,52.45,"Low Spender"
14917,52.35,"Low Spender"
16623,52.20,"Low Spender"
18071,52.20,"Low Spender"
14224,52.15,"Low Spender"
17224,52.11,"Low Spender"
15356,52.07,"Low Spender"
15314,52.01,"Low Spender"
15483,52.00,"Low Spender"
16972,51.95,"Low Spender"
16870,51.94,"Low Spender"
18193,51.88,"Low Spender"
13540,51.85,"Low Spender"
15850,51.80,"Low Spender"
16366,51.80,"Low Spender"
15406,51.75,"Low Spender"
14657,51.54,"Low Spender"
13948,51.45,"Low Spender"
14675,51.44,"Low Spender"
18009,51.15,"Low Spender"
18157,51.00,"Low Spender"
17397,51.00,"Low Spender"
12739,51.00,"Low Spender"
13601,50.95,"Low Spender"
14662,50.95,"Low Spender"
13569,50.94,"Low Spender"
14026,50.85,"Low Spender"
17610,50.79,"Low Spender"
17362,50.72,"Low Spender"
14694,50.70,"Low Spender"
17464,50.70,"Low Spender"
14247,50.70,"Low Spender"
18276,50.60,"Low Spender"
14142,50.54,"Low Spender"
14441,50.43,"Low Spender"
14322,50.40,"Low Spender"
14018,50.38,"Low Spender"
18187,50.35,"Low Spender"
18134,50.30,"Low Spender"
16687,50.28,"Low Spender"
16496,50.16,"Low Spender"
17178,50.15,"Low Spender"
13789,50.10,"Low Spender"
14871,50.05,"Low Spender"
16049,50.01,"Low Spender"
16183,50.00,"Low Spender"
17227,49.97,"Low Spender"
16704,49.95,"Low Spender"
13262,49.90,"Low Spender"
12347,49.85,"Low Spender"
15462,49.80,"Low Spender"
17710,49.80,"Low Spender"
15080,49.80,"Low Spender"
17505,49.73,"Low Spender"
13370,49.70,"Low Spender"
14840,49.70,"Low Spender"
13158,49.68,"Low Spender"
12792,49.65,"Low Spender"
13395,49.62,"Low Spender"
17713,49.60,"Low Spender"
12916,49.50,"Low Spender"
16412,49.25,"Low Spender"
13498,49.20,"Low Spender"
17361,49.20,"Low Spender"
15276,49.18,"Low Spender"
16441,49.09,"Low Spender"
13503,49.05,"Low Spender"
14398,49.05,"Low Spender"
15062,48.90,"Low Spender"
12554,48.78,"Low Spender"
15989,48.74,"Low Spender"
17624,48.70,"Low Spender"
16359,48.70,"Low Spender"
17603,48.60,"Low Spender"
14583,48.39,"Low Spender"
15416,48.30,"Low Spender"
15114,48.30,"Low Spender"
15076,48.10,"Low Spender"
15235,48.00,"Low Spender"
16229,48.00,"Low Spender"
14419,47.85,"Low Spender"
13625,47.75,"Low Spender"
14671,47.70,"Low Spender"
14420,47.70,"Low Spender"
12525,47.70,"Low Spender"
16140,47.70,"Low Spender"
14813,47.64,"Low Spender"
16769,47.55,"Low Spender"
15071,47.45,"Low Spender"
14072,47.40,"Low Spender"
16922,47.35,"Low Spender"
17356,47.31,"Low Spender"
13055,47.30,"Low Spender"
13544,47.25,"Low Spender"
13073,47.25,"Low Spender"
17785,47.24,"Low Spender"
15880,47.05,"Low Spender"
14893,47.00,"Low Spender"
15677,47.00,"Low Spender"
15580,46.98,"Low Spender"
14193,46.95,"Low Spender"
16111,46.92,"Low Spender"
13765,46.90,"Low Spender"
13679,46.85,"Low Spender"
12817,46.84,"Low Spender"
17021,46.80,"Low Spender"
14568,46.80,"Low Spender"
15176,46.60,"Low Spender"
15003,46.57,"Low Spender"
17801,46.55,"Low Spender"
15584,46.54,"Low Spender"
13438,46.50,"Low Spender"
16317,46.50,"Low Spender"
13445,46.50,"Low Spender"
14011,46.32,"Low Spender"
14452,46.25,"Low Spender"
16868,46.20,"Low Spender"
13824,46.20,"Low Spender"
15025,46.15,"Low Spender"
13872,46.10,"Low Spender"
16354,46.07,"Low Spender"
16472,45.90,"Low Spender"
17282,45.85,"Low Spender"
15704,45.67,"Low Spender"
17810,45.65,"Low Spender"
15951,45.65,"Low Spender"
14443,45.60,"Low Spender"
13998,45.60,"Low Spender"
16269,45.60,"Low Spender"
15207,45.60,"Low Spender"
17269,45.59,"Low Spender"
13155,45.50,"Low Spender"
14417,45.40,"Low Spender"
16057,45.35,"Low Spender"
12505,45.30,"Low Spender"
13480,45.30,"Low Spender"
17433,45.15,"Low Spender"
18108,45.15,"Low Spender"
14708,45.00,"Low Spender"
12416,45.00,"Low Spender"
13296,45.00,"Low Spender"
18035,45.00,"Low Spender"
12399,45.00,"Low Spender"
15481,45.00,"Low Spender"
14339,45.00,"Low Spender"
12998,45.00,"Low Spender"
14771,45.00,"Low Spender"
17744,45.00,"Low Spender"
13406,45.00,"Low Spender"
16372,44.90,"Low Spender"
14369,44.89,"Low Spender"
17321,44.85,"Low Spender"
12907,44.85,"Low Spender"
13087,44.84,"Low Spender"
14470,44.80,"Low Spender"
13368,44.80,"Low Spender"
12859,44.75,"Low Spender"
13293,44.68,"Low Spender"
15885,44.54,"Low Spender"
14953,44.54,"Low Spender"
17751,44.45,"Low Spender"
17691,44.25,"Low Spender"
15834,44.10,"Low Spender"
18241,44.10,"Low Spender"
17039,44.04,"Low Spender"
15266,44.00,"Low Spender"
16977,43.95,"Low Spender"
18006,43.95,"Low Spender"
17023,43.80,"Low Spender"
17407,43.80,"Low Spender"
12549,43.80,"Low Spender"
17207,43.75,"Low Spender"
15919,43.65,"Low Spender"
16139,43.56,"Low Spender"
15800,43.53,"Low Spender"
17766,43.50,"Low Spender"
16110,43.30,"Low Spender"
16727,43.25,"Low Spender"
13008,43.20,"Low Spender"
15008,43.20,"Low Spender"
12943,43.20,"Low Spender"
12608,43.00,"Low Spender"
16980,42.90,"Low Spender"
13936,42.89,"Low Spender"
18196,42.83,"Low Spender"
12979,42.81,"Low Spender"
14754,42.79,"Low Spender"
12803,42.78,"Low Spender"
17437,42.69,"Low Spender"
12495,42.60,"Low Spender"
13400,42.60,"Low Spender"
14861,42.50,"Low Spender"
13573,42.50,"Low Spender"
17081,42.49,"Low Spender"
18190,42.45,"Low Spender"
17258,42.30,"Low Spender"
14531,42.20,"Low Spender"
14020,42.15,"Low Spender"
14208,42.12,"Low Spender"
16006,42.10,"Low Spender"
17555,42.07,"Low Spender"
15126,42.04,"Low Spender"
14123,42.00,"Low Spender"
15611,41.85,"Low Spender"
15252,41.85,"Low Spender"
15068,41.84,"Low Spender"
14080,41.80,"Low Spender"
16387,41.80,"Low Spender"
14969,41.76,"Low Spender"
17776,41.70,"Low Spender"
16988,41.70,"Low Spender"
16071,41.70,"Low Spender"
12958,41.65,"Low Spender"
16903,41.61,"Low Spender"
13847,41.45,"Low Spender"
12434,41.44,"Low Spender"
15055,41.40,"Low Spender"
16630,41.40,"Low Spender"
12996,41.40,"Low Spender"
16435,41.32,"Low Spender"
18029,41.25,"Low Spender"
12592,41.16,"Low Spender"
15363,41.00,"Low Spender"
14751,40.95,"Low Spender"
17845,40.85,"Low Spender"
15217,40.80,"Low Spender"
16252,40.80,"Low Spender"
15807,40.80,"Low Spender"
16861,40.80,"Low Spender"
14997,40.80,"Low Spender"
14197,40.80,"Low Spender"
14490,40.80,"Low Spender"
15278,40.80,"Low Spender"
16901,40.75,"Low Spender"
16911,40.65,"Low Spender"
15409,40.65,"Low Spender"
16699,40.57,"Low Spender"
16770,40.57,"Low Spender"
13245,40.52,"Low Spender"
17156,40.50,"Low Spender"
14087,40.46,"Low Spender"
16288,40.45,"Low Spender"
12691,40.40,"Low Spender"
17952,40.35,"Low Spender"
18212,40.35,"Low Spender"
17812,40.30,"Low Spender"
17591,40.30,"Low Spender"
14048,40.25,"Low Spender"
13320,40.20,"Low Spender"
15718,40.20,"Low Spender"
14108,40.20,"Low Spender"
17631,40.20,"Low Spender"
17726,40.20,"Low Spender"
16344,40.18,"Low Spender"
16218,40.12,"Low Spender"
16680,40.10,"Low Spender"
16198,40.04,"Low Spender"
18021,40.02,"Low Spender"
12440,40.00,"Low Spender"
16452,40.00,"Low Spender"
15966,40.00,"Low Spender"
16569,39.95,"Low Spender"
16723,39.95,"Low Spender"
13814,39.90,"Low Spender"
15152,39.90,"Low Spender"
15777,39.80,"Low Spender"
12953,39.80,"Low Spender"
17649,39.75,"Low Spender"
15976,39.70,"Low Spender"
13614,39.70,"Low Spender"
14147,39.60,"Low Spender"
15488,39.60,"Low Spender"
17597,39.60,"Low Spender"
14737,39.60,"Low Spender"
17927,39.60,"Low Spender"
13432,39.55,"Low Spender"
15210,39.55,"Low Spender"
18112,39.40,"Low Spender"
13612,39.40,"Low Spender"
14481,39.15,"Low Spender"
12543,39.00,"Low Spender"
13238,39.00,"Low Spender"
15742,39.00,"Low Spender"
13070,39.00,"Low Spender"
16574,39.00,"Low Spender"
17651,38.70,"Low Spender"
14228,38.70,"Low Spender"
17237,38.55,"Low Spender"
13713,38.50,"Low Spender"
13748,38.40,"Low Spender"
14454,38.40,"Low Spender"
12800,38.40,"Low Spender"
17665,38.40,"Low Spender"
14139,38.40,"Low Spender"
17376,38.30,"Low Spender"
17648,38.28,"Low Spender"
13661,38.25,"Low Spender"
14569,38.25,"Low Spender"
15432,38.25,"Low Spender"
17629,38.25,"Low Spender"
16798,38.22,"Low Spender"
13092,38.10,"Low Spender"
14200,38.10,"Low Spender"
15001,38.05,"Low Spender"
16961,38.00,"Low Spender"
16350,37.80,"Low Spender"
13129,37.80,"Low Spender"
16042,37.80,"Low Spender"
13604,37.78,"Low Spender"
12947,37.74,"Low Spender"
18098,37.72,"Low Spender"
15137,37.68,"Low Spender"
15525,37.65,"Low Spender"
13622,37.65,"Low Spender"
17097,37.64,"Low Spender"
16203,37.56,"Low Spender"
16021,37.55,"Low Spender"
13686,37.50,"Low Spender"
16872,37.50,"Low Spender"
13326,37.50,"Low Spender"
12808,37.50,"Low Spender"
14544,37.42,"Low Spender"
17582,37.40,"Low Spender"
17935,37.30,"Low Spender"
17753,37.25,"Low Spender"
14968,37.20,"Low Spender"
12562,37.20,"Low Spender"
16844,37.20,"Low Spender"
17480,37.20,"Low Spender"
17804,37.10,"Low Spender"
13427,37.08,"Low Spender"
15626,37.08,"Low Spender"
16373,37.08,"Low Spender"
17358,37.05,"Low Spender"
12831,36.90,"Low Spender"
17363,36.90,"Low Spender"
16577,36.90,"Low Spender"
15837,36.89,"Low Spender"
17607,36.80,"Low Spender"
17926,36.80,"Low Spender"
14472,36.80,"Low Spender"
17592,36.75,"Low Spender"
13574,36.75,"Low Spender"
16647,36.75,"Low Spender"
17329,36.57,"Low Spender"
17580,36.50,"Low Spender"
12499,36.38,"Low Spender"
15339,36.35,"Low Spender"
16763,36.30,"Low Spender"
17027,36.22,"Low Spender"
16712,36.18,"Low Spender"
16117,36.15,"Low Spender"
16884,36.15,"Low Spender"
15506,36.12,"Low Spender"
15022,36.10,"Low Spender"
15988,36.04,"Low Spender"
12695,36.00,"Low Spender"
14389,36.00,"Low Spender"
18162,35.90,"Low Spender"
13312,35.85,"Low Spender"
17158,35.85,"Low Spender"
17255,35.76,"Low Spender"
14169,35.75,"Low Spender"
16399,35.70,"Low Spender"
15184,35.70,"Low Spender"
16096,35.70,"Low Spender"
12655,35.70,"Low Spender"
16119,35.70,"Low Spender"
13101,35.65,"Low Spender"
16284,35.60,"Low Spender"
16526,35.60,"Low Spender"
13674,35.58,"Low Spender"
17488,35.55,"Low Spender"
14756,35.52,"Low Spender"
17324,35.52,"Low Spender"
16777,35.50,"Low Spender"
13386,35.40,"Low Spender"
15211,35.40,"Low Spender"
14820,35.40,"Low Spender"
12494,35.40,"Low Spender"
16465,35.40,"Low Spender"
14929,35.40,"Low Spender"
15038,35.40,"Low Spender"
13161,35.40,"Low Spender"
14682,35.40,"Low Spender"
13515,35.40,"Low Spender"
17659,35.40,"Low Spender"
13208,35.40,"Low Spender"
12866,35.40,"Low Spender"
14967,35.40,"Low Spender"
15645,35.40,"Low Spender"
15469,35.40,"Low Spender"
13900,35.40,"Low Spender"
16027,35.40,"Low Spender"
17463,35.30,"Low Spender"
17608,35.30,"Low Spender"
16889,35.25,"Low Spender"
17101,35.16,"Low Spender"
12806,35.10,"Low Spender"
17251,35.10,"Low Spender"
12903,35.10,"Low Spender"
16134,35.01,"Low Spender"
14611,34.92,"Low Spender"
15650,34.88,"Low Spender"
17622,34.80,"Low Spender"
13289,34.80,"Low Spender"
13695,34.80,"Low Spender"
12946,34.80,"Low Spender"
15851,34.80,"Low Spender"
14284,34.80,"Low Spender"
16001,34.80,"Low Spender"
14392,34.80,"Low Spender"
18217,34.80,"Low Spender"
17834,34.75,"Low Spender"
14425,34.70,"Low Spender"
13937,34.65,"Low Spender"
15689,34.65,"Low Spender"
13277,34.65,"Low Spender"
15569,34.58,"Low Spender"
16794,34.30,"Low Spender"
16413,34.30,"Low Spender"
17703,34.20,"Low Spender"
13138,34.20,"Low Spender"
14793,34.20,"Low Spender"
17545,34.09,"Low Spender"
18244,34.04,"Low Spender"
14619,34.00,"Low Spender"
15772,34.00,"Low Spender"
13177,34.00,"Low Spender"
14281,34.00,"Low Spender"
13135,33.95,"Low Spender"
17360,33.94,"Low Spender"
16590,33.90,"Low Spender"
12858,33.90,"Low Spender"
16436,33.85,"Low Spender"
17604,33.75,"Low Spender"
17492,33.60,"Low Spender"
13706,33.60,"Low Spender"
14022,33.60,"Low Spender"
14551,33.60,"Low Spender"
16348,33.60,"Low Spender"
14809,33.60,"Low Spender"
15336,33.60,"Low Spender"
15133,33.60,"Low Spender"
18283,33.55,"Low Spender"
13941,33.50,"Low Spender"
17045,33.50,"Low Spender"
16226,33.50,"Low Spender"
16830,33.48,"Low Spender"
16407,33.45,"Low Spender"
12956,33.42,"Low Spender"
16885,33.34,"Low Spender"
16666,33.33,"Low Spender"
17057,33.30,"Low Spender"
14206,33.16,"Low Spender"
17988,33.15,"Low Spender"
16799,33.15,"Low Spender"
16292,33.10,"Low Spender"
16250,33.09,"Low Spender"
14462,33.05,"Low Spender"
14008,33.00,"Low Spender"
17420,33.00,"Low Spender"
14545,33.00,"Low Spender"
16246,33.00,"Low Spender"
15789,33.00,"Low Spender"
13977,33.00,"Low Spender"
16792,32.93,"Low Spender"
13045,32.90,"Low Spender"
17655,32.90,"Low Spender"
14872,32.90,"Low Spender"
17386,32.85,"Low Spender"
12573,32.80,"Low Spender"
14244,32.80,"Low Spender"
17471,32.70,"Low Spender"
12421,32.70,"Low Spender"
15695,32.70,"Low Spender"
16643,32.70,"Low Spender"
18278,32.55,"Low Spender"
14824,32.55,"Low Spender"
16406,32.55,"Low Spender"
15515,32.55,"Low Spender"
17169,32.55,"Low Spender"
14097,32.45,"Low Spender"
13639,32.45,"Low Spender"
14069,32.45,"Low Spender"
14037,32.42,"Low Spender"
18136,32.40,"Low Spender"
14413,32.40,"Low Spender"
16491,32.40,"Low Spender"
16768,32.32,"Low Spender"
16676,32.30,"Low Spender"
14794,32.30,"Low Spender"
13684,32.25,"Low Spender"
17103,32.16,"Low Spender"
16936,32.15,"Low Spender"
13617,32.10,"Low Spender"
17135,32.10,"Low Spender"
16815,32.00,"Low Spender"
14471,31.95,"Low Spender"
18090,31.90,"Low Spender"
15006,31.85,"Low Spender"
16054,31.85,"Low Spender"
17525,31.80,"Low Spender"
15084,31.80,"Low Spender"
12677,31.80,"Low Spender"
16037,31.70,"Low Spender"
16928,31.70,"Low Spender"
13724,31.62,"Low Spender"
14894,31.60,"Low Spender"
16773,31.55,"Low Spender"
17708,31.50,"Low Spender"
18262,31.50,"Low Spender"
17076,31.42,"Low Spender"
16856,31.35,"Low Spender"
17209,31.35,"Low Spender"
17290,31.30,"Low Spender"
14617,31.22,"Low Spender"
13992,31.20,"Low Spender"
17172,31.20,"Low Spender"
14932,31.20,"Low Spender"
15675,31.20,"Low Spender"
15888,31.15,"Low Spender"
18001,31.15,"Low Spender"
17134,31.10,"Low Spender"
14978,31.10,"Low Spender"
12745,31.05,"Low Spender"
17588,30.90,"Low Spender"
16314,30.90,"Low Spender"
13175,30.90,"Low Spender"
17195,30.90,"Low Spender"
16862,30.90,"Low Spender"
16172,30.90,"Low Spender"
15102,30.90,"Low Spender"
17516,30.89,"Low Spender"
18054,30.80,"Low Spender"
17393,30.75,"Low Spender"
14552,30.75,"Low Spender"
15309,30.60,"Low Spender"
15246,30.60,"Low Spender"
16492,30.60,"Low Spender"
15424,30.60,"Low Spender"
15631,30.60,"Low Spender"
16651,30.60,"Low Spender"
15224,30.60,"Low Spender"
14302,30.60,"Low Spender"
12529,30.60,"Low Spender"
13843,30.55,"Low Spender"
14699,30.48,"Low Spender"
18252,30.45,"Low Spender"
13619,30.40,"Low Spender"
16346,30.36,"Low Spender"
14982,30.35,"Low Spender"
13677,30.32,"Low Spender"
15859,30.30,"Low Spender"
12777,30.30,"Low Spender"
18199,30.30,"Low Spender"
13041,30.28,"Low Spender"
14435,30.24,"Low Spender"
12987,30.20,"Low Spender"
14166,30.10,"Low Spender"
13307,30.00,"Low Spender"
14753,30.00,"Low Spender"
16500,30.00,"Low Spender"
15338,30.00,"Low Spender"
15162,30.00,"Low Spender"
18163,30.00,"Low Spender"
15735,30.00,"Low Spender"
13513,30.00,"Low Spender"
17094,30.00,"Low Spender"
14326,30.00,"Low Spender"
13962,30.00,"Low Spender"
18280,30.00,"Low Spender"
16095,30.00,"Low Spender"
13787,30.00,"Low Spender"
17067,30.00,"Low Spender"
14788,30.00,"Low Spender"
15127,30.00,"Low Spender"
15231,30.00,"Low Spender"
12601,30.00,"Low Spender"
14269,29.98,"Low Spender"
17098,29.96,"Low Spender"
17796,29.95,"Low Spender"
17849,29.90,"Low Spender"
18053,29.85,"Low Spender"
15110,29.85,"Low Spender"
15957,29.85,"Low Spender"
16939,29.80,"Low Spender"
15072,29.70,"Low Spender"
14981,29.70,"Low Spender"
15441,29.70,"Low Spender"
12355,29.70,"Low Spender"
15501,29.65,"Low Spender"
15652,29.55,"Low Spender"
17099,29.55,"Low Spender"
17066,29.54,"Low Spender"
14729,29.49,"Low Spender"
15530,29.44,"Low Spender"
18011,29.35,"Low Spender"
14663,29.35,"Low Spender"
14172,29.25,"Low Spender"
17773,29.25,"Low Spender"
17898,29.25,"Low Spender"
14183,29.23,"Low Spender"
13388,29.22,"Low Spender"
15959,29.15,"Low Spender"
14927,29.10,"Low Spender"
13591,29.00,"Low Spender"
18201,28.80,"Low Spender"
13282,28.80,"Low Spender"
14645,28.80,"Low Spender"
16916,28.75,"Low Spender"
15917,28.74,"Low Spender"
17639,28.74,"Low Spender"
17987,28.70,"Low Spender"
15562,28.56,"Low Spender"
14508,28.55,"Low Spender"
14375,28.55,"Low Spender"
13251,28.48,"Low Spender"
14003,28.40,"Low Spender"
14678,28.27,"Low Spender"
16262,28.20,"Low Spender"
12699,28.20,"Low Spender"
14009,28.20,"Low Spender"
16408,28.15,"Low Spender"
14722,28.10,"Low Spender"
13861,28.05,"Low Spender"
17883,28.00,"Low Spender"
15979,27.93,"Low Spender"
12920,27.90,"Low Spender"
15948,27.90,"Low Spender"
16306,27.90,"Low Spender"
15020,27.90,"Low Spender"
17325,27.90,"Low Spender"
13049,27.78,"Low Spender"
13834,27.75,"Low Spender"
15401,27.75,"Low Spender"
12771,27.75,"Low Spender"
17326,27.74,"Low Spender"
16952,27.70,"Low Spender"
16921,27.65,"Low Spender"
13000,27.60,"Low Spender"
15620,27.60,"Low Spender"
12767,27.60,"Low Spender"
14321,27.60,"Low Spender"
13889,27.60,"Low Spender"
18111,27.55,"Low Spender"
14324,27.54,"Low Spender"
13264,27.54,"Low Spender"
15639,27.50,"Low Spender"
17041,27.50,"Low Spender"
14912,27.45,"Low Spender"
16433,27.39,"Low Spender"
12388,27.35,"Low Spender"
18049,27.24,"Low Spender"
13766,27.23,"Low Spender"
15608,27.20,"Low Spender"
15012,27.20,"Low Spender"
16445,27.17,"Low Spender"
16421,27.15,"Low Spender"
13211,27.15,"Low Spender"
18043,27.15,"Low Spender"
13435,27.05,"Low Spender"
12396,27.04,"Low Spender"
15969,27.04,"Low Spender"
13584,27.03,"Low Spender"
15774,27.00,"Low Spender"
17734,27.00,"Low Spender"
15264,27.00,"Low Spender"
17123,27.00,"Low Spender"
14061,27.00,"Low Spender"
15890,27.00,"Low Spender"
16944,26.88,"Low Spender"
17823,26.84,"Low Spender"
18002,26.70,"Low Spender"
16932,26.70,"Low Spender"
17421,26.70,"Low Spender"
16080,26.70,"Low Spender"
14838,26.60,"Low Spender"
15303,26.58,"Low Spender"
15953,26.55,"Low Spender"
13738,26.54,"Low Spender"
18255,26.52,"Low Spender"
17106,26.50,"Low Spender"
14928,26.49,"Low Spender"
17221,26.40,"Low Spender"
16381,26.30,"Low Spender"
17833,26.30,"Low Spender"
15280,26.25,"Low Spender"
13595,26.24,"Low Spender"
17266,26.14,"Low Spender"
14444,26.10,"Low Spender"
17104,26.10,"Low Spender"
15566,26.10,"Low Spender"
12972,26.00,"Low Spender"
14618,26.00,"Low Spender"
14382,25.90,"Low Spender"
17051,25.90,"Low Spender"
12591,25.80,"Low Spender"
13550,25.65,"Low Spender"
16898,25.61,"Low Spender"
13133,25.50,"Low Spender"
17268,25.50,"Low Spender"
18175,25.50,"Low Spender"
16137,25.50,"Low Spender"
14468,25.50,"Low Spender"
13255,25.50,"Low Spender"
13586,25.50,"Low Spender"
14412,25.50,"Low Spender"
17292,25.50,"Low Spender"
15478,25.50,"Low Spender"
16947,25.44,"Low Spender"
13800,25.40,"Low Spender"
15870,25.30,"Low Spender"
14272,25.30,"Low Spender"
14608,25.25,"Low Spender"
16014,25.24,"Low Spender"
18070,25.20,"Low Spender"
14429,25.20,"Low Spender"
13434,25.20,"Low Spender"
16757,25.20,"Low Spender"
15938,25.20,"Low Spender"
17121,25.20,"Low Spender"
16888,25.20,"Low Spender"
17740,25.20,"Low Spender"
16192,25.20,"Low Spender"
14949,25.20,"Low Spender"
16632,25.20,"Low Spender"
15166,25.20,"Low Spender"
13056,25.20,"Low Spender"
14677,25.18,"Low Spender"
17888,25.17,"Low Spender"
15149,25.10,"Low Spender"
13987,25.10,"Low Spender"
16508,25.09,"Low Spender"
13198,25.08,"Low Spender"
16863,25.08,"Low Spender"
12826,25.05,"Low Spender"
15064,25.05,"Low Spender"
14725,25.05,"Low Spender"
13234,25.04,"Low Spender"
15092,25.00,"Low Spender"
13428,25.00,"Low Spender"
13819,25.00,"Low Spender"
16414,24.95,"Low Spender"
14094,24.95,"Low Spender"
16209,24.90,"Low Spender"
12894,24.90,"Low Spender"
17718,24.90,"Low Spender"
16962,24.90,"Low Spender"
15894,24.85,"Low Spender"
15490,24.85,"Low Spender"
17817,24.85,"Low Spender"
12457,24.80,"Low Spender"
15284,24.75,"Low Spender"
17460,24.68,"Low Spender"
15958,24.65,"Low Spender"
16447,24.65,"Low Spender"
16343,24.61,"Low Spender"
16386,24.40,"Low Spender"
14484,24.36,"Low Spender"
13252,24.30,"Low Spender"
17889,24.15,"Low Spender"
17112,24.15,"Low Spender"
16334,24.10,"Low Spender"
14526,24.05,"Low Spender"
17542,23.94,"Low Spender"
15715,23.90,"Low Spender"
16527,23.85,"Low Spender"
17149,23.85,"Low Spender"
13067,23.85,"Low Spender"
15906,23.85,"Low Spender"
15863,23.81,"Low Spender"
13497,23.80,"Low Spender"
15405,23.72,"Low Spender"
14947,23.72,"Low Spender"
14455,23.65,"Low Spender"
16593,23.60,"Low Spender"
16805,23.51,"Low Spender"
17402,23.50,"Low Spender"
16074,23.50,"Low Spender"
12514,23.50,"Low Spender"
15471,23.45,"Low Spender"
13306,23.40,"Low Spender"
18207,23.40,"Low Spender"
13795,23.40,"Low Spender"
15216,23.40,"Low Spender"
14104,23.37,"Low Spender"
12588,23.28,"Low Spender"
16286,23.25,"Low Spender"
15028,23.15,"Low Spender"
17285,23.15,"Low Spender"
15091,23.10,"Low Spender"
14614,23.10,"Low Spender"
13274,22.95,"Low Spender"
15082,22.95,"Low Spender"
12801,22.90,"Low Spender"
14571,22.85,"Low Spender"
14874,22.80,"Low Spender"
17168,22.80,"Low Spender"
17683,22.80,"Low Spender"
17441,22.70,"Low Spender"
13553,22.70,"Low Spender"
18141,22.70,"Low Spender"
15295,22.70,"Low Spender"
17763,22.70,"Low Spender"
18148,22.58,"Low Spender"
13671,22.55,"Low Spender"
14181,22.55,"Low Spender"
14575,22.51,"Low Spender"
14118,22.50,"Low Spender"
17007,22.50,"Low Spender"
15970,22.50,"Low Spender"
16454,22.50,"Low Spender"
17909,22.50,"Low Spender"
15487,22.50,"Low Spender"
16874,22.45,"Low Spender"
16646,22.44,"Low Spender"
14714,22.30,"Low Spender"
15196,22.25,"Low Spender"
18039,22.20,"Low Spender"
16228,22.13,"Low Spender"
17429,22.04,"Low Spender"
15627,21.96,"Low Spender"
13026,21.96,"Low Spender"
16502,21.90,"Low Spender"
15625,21.72,"Low Spender"
17998,21.70,"Low Spender"
17682,21.70,"Low Spender"
17344,21.65,"Low Spender"
13549,21.60,"Low Spender"
13856,21.58,"Low Spender"
12905,21.54,"Low Spender"
12855,21.40,"Low Spender"
14553,21.19,"Low Spender"
16385,21.15,"Low Spender"
16519,21.00,"Low Spender"
12351,21.00,"Low Spender"
13088,21.00,"Low Spender"
17000,21.00,"Low Spender"
13010,21.00,"Low Spender"
15691,21.00,"Low Spender"
16661,20.95,"Low Spender"
18044,20.94,"Low Spender"
15418,20.90,"Low Spender"
13164,20.85,"Low Spender"
13700,20.84,"Low Spender"
13840,20.70,"Low Spender"
13944,20.67,"Low Spender"
12848,20.60,"Low Spender"
13134,20.40,"Low Spender"
13530,20.40,"Low Spender"
17699,20.40,"Low Spender"
13966,20.40,"Low Spender"
12810,20.40,"Low Spender"
14310,20.40,"Low Spender"
17418,20.40,"Low Spender"
14391,20.40,"Low Spender"
15404,20.40,"Low Spender"
15573,20.35,"Low Spender"
14954,20.33,"Low Spender"
13479,20.28,"Low Spender"
12519,20.28,"Low Spender"
14791,20.28,"Low Spender"
15277,20.28,"Low Spender"
16781,20.25,"Low Spender"
17980,20.25,"Low Spender"
13589,20.24,"Low Spender"
17862,20.20,"Low Spender"
12974,20.20,"Low Spender"
17205,20.16,"Low Spender"
12595,20.16,"Low Spender"
14935,20.16,"Low Spender"
18091,20.16,"Low Spender"
18269,20.10,"Low Spender"
15331,20.04,"Low Spender"
15603,20.00,"Low Spender"
15250,20.00,"Low Spender"
14674,20.00,"Low Spender"
17579,20.00,"Low Spender"
13509,20.00,"Low Spender"
13490,19.90,"Low Spender"
15200,19.90,"Low Spender"
15484,19.90,"Low Spender"
12392,19.90,"Low Spender"
14253,19.90,"Low Spender"
14007,19.90,"Low Spender"
14998,19.89,"Low Spender"
17992,19.88,"Low Spender"
13278,19.86,"Low Spender"
13545,19.83,"Low Spender"
12698,19.80,"Low Spender"
17678,19.80,"Low Spender"
16783,19.80,"Low Spender"
16136,19.80,"Low Spender"
13646,19.80,"Low Spender"
16785,19.80,"Low Spender"
12386,19.80,"Low Spender"
18182,19.80,"Low Spender"
12387,19.80,"Low Spender"
16193,19.80,"Low Spender"
13964,19.80,"Low Spender"
16127,19.80,"Low Spender"
18267,19.80,"Low Spender"
16304,19.80,"Low Spender"
16604,19.80,"Low Spender"
17457,19.80,"Low Spender"
13945,19.80,"Low Spender"
17280,19.80,"Low Spender"
13989,19.80,"Low Spender"
14038,19.75,"Low Spender"
17867,19.75,"Low Spender"
14812,19.60,"Low Spender"
16645,19.56,"Low Spender"
13399,19.50,"Low Spender"
14384,19.50,"Low Spender"
12475,19.50,"Low Spender"
15347,19.50,"Low Spender"
13974,19.50,"Low Spender"
14635,19.50,"Low Spender"
17531,19.50,"Low Spender"
13691,19.50,"Low Spender"
14726,19.40,"Low Spender"
17864,19.40,"Low Spender"
15996,19.40,"Low Spender"
16355,19.35,"Low Spender"
16251,19.30,"Low Spender"
13809,19.30,"Low Spender"
17563,19.30,"Low Spender"
17296,19.00,"Low Spender"
13123,18.95,"Low Spender"
15902,18.90,"Low Spender"
17568,18.86,"Low Spender"
18203,18.70,"Low Spender"
17999,18.62,"Low Spender"
17760,18.60,"Low Spender"
15720,18.35,"Low Spender"
12851,18.25,"Low Spender"
17852,18.25,"Low Spender"
16410,18.24,"Low Spender"
13275,18.20,"Low Spender"
16259,18.20,"Low Spender"
13703,18.15,"Low Spender"
17976,17.99,"Low Spender"
15616,17.90,"Low Spender"
14750,17.89,"Low Spender"
16301,17.88,"Low Spender"
16733,17.85,"Low Spender"
13046,17.85,"Low Spender"
17826,17.85,"Low Spender"
15243,17.85,"Low Spender"
16312,17.85,"Low Spender"
15729,17.85,"Low Spender"
12470,17.85,"Low Spender"
13609,17.85,"Low Spender"
15770,17.85,"Low Spender"
15124,17.85,"Low Spender"
15918,17.85,"Low Spender"
16776,17.80,"Low Spender"
18048,17.75,"Low Spender"
14201,17.70,"Low Spender"
16175,17.70,"Low Spender"
13957,17.70,"Low Spender"
16195,17.70,"Low Spender"
16132,17.70,"Low Spender"
17572,17.70,"Low Spender"
18056,17.70,"Low Spender"
15070,17.70,"Low Spender"
15302,17.70,"Low Spender"
17707,17.70,"Low Spender"
15560,17.70,"Low Spender"
16602,17.70,"Low Spender"
15219,17.70,"Low Spender"
14475,17.70,"Low Spender"
15143,17.70,"Low Spender"
17536,17.70,"Low Spender"
17483,17.70,"Low Spender"
13283,17.70,"Low Spender"
12400,17.70,"Low Spender"
18238,17.70,"Low Spender"
17606,17.70,"Low Spender"
17029,17.70,"Low Spender"
14972,17.70,"Low Spender"
15818,17.70,"Low Spender"
12445,17.70,"Low Spender"
14294,17.70,"Low Spender"
15289,17.70,"Low Spender"
12537,17.70,"Low Spender"
13020,17.70,"Low Spender"
17640,17.70,"Low Spender"
18156,17.60,"Low Spender"
15359,17.55,"Low Spender"
13624,17.40,"Low Spender"
14884,17.40,"Low Spender"
14612,17.40,"Low Spender"
14153,17.40,"Low Spender"
14989,17.40,"Low Spender"
12880,17.40,"Low Spender"
14696,17.40,"Low Spender"
17161,17.40,"Low Spender"
13512,17.40,"Low Spender"
17472,17.39,"Low Spender"
14736,17.09,"Low Spender"
16367,17.05,"Low Spender"
16899,17.00,"Low Spender"
13080,17.00,"Low Spender"
17185,17.00,"Low Spender"
16044,17.00,"Low Spender"
14716,17.00,"Low Spender"
13897,17.00,"Low Spender"
17842,17.00,"Low Spender"
17789,17.00,"Low Spender"
14042,17.00,"Low Spender"
14537,17.00,"Low Spender"
16158,17.00,"Low Spender"
17184,17.00,"Low Spender"
16752,17.00,"Low Spender"
12675,16.95,"Low Spender"
17729,16.95,"Low Spender"
16046,16.95,"Low Spender"
14810,16.95,"Low Spender"
12844,16.95,"Low Spender"
17497,16.95,"Low Spender"
16089,16.90,"Low Spender"
13605,16.90,"Low Spender"
14394,16.80,"Low Spender"
12890,16.70,"Low Spender"
14043,16.70,"Low Spender"
14577,16.60,"Low Spender"
13220,16.50,"Low Spender"
14006,16.50,"Low Spender"
13029,16.50,"Low Spender"
13359,16.50,"Low Spender"
12793,16.50,"Low Spender"
13642,16.50,"Low Spender"
12983,16.50,"Low Spender"
17705,16.50,"Low Spender"
12467,16.50,"Low Spender"
16237,16.50,"Low Spender"
12799,16.50,"Low Spender"
12788,16.50,"Low Spender"
17944,16.44,"Low Spender"
14522,16.35,"Low Spender"
14151,16.35,"Low Spender"
14254,16.35,"Low Spender"
15908,16.35,"Low Spender"
13598,16.25,"Low Spender"
15924,16.25,"Low Spender"
14598,16.20,"Low Spender"
14433,16.15,"Low Spender"
13891,16.12,"Low Spender"
15574,16.11,"Low Spender"
17518,16.05,"Low Spender"
14992,16.00,"Low Spender"
16865,15.95,"Low Spender"
12692,15.90,"Low Spender"
12991,15.90,"Low Spender"
17374,15.90,"Low Spender"
15448,15.90,"Low Spender"
17033,15.90,"Low Spender"
16896,15.90,"Low Spender"
13607,15.90,"Low Spender"
17933,15.85,"Low Spender"
14052,15.85,"Low Spender"
16892,15.80,"Low Spender"
17626,15.80,"Low Spender"
14892,15.80,"Low Spender"
15921,15.73,"Low Spender"
18128,15.70,"Low Spender"
14777,15.60,"Low Spender"
14319,15.60,"Low Spender"
16780,15.55,"Low Spender"
16082,15.45,"Low Spender"
18047,15.35,"Low Spender"
17971,15.30,"Low Spender"
15784,15.30,"Low Spender"
12665,15.30,"Low Spender"
13846,15.30,"Low Spender"
16691,15.30,"Low Spender"
12765,15.30,"Low Spender"
12361,15.30,"Low Spender"
15905,15.25,"Low Spender"
17827,15.20,"Low Spender"
13727,15.20,"Low Spender"
16876,15.19,"Low Spender"
13955,15.10,"Low Spender"
12443,15.00,"Low Spender"
13109,15.00,"Low Spender"
14604,15.00,"Low Spender"
13333,15.00,"Low Spender"
13773,15.00,"Low Spender"
18058,15.00,"Low Spender"
16690,15.00,"Low Spender"
17025,15.00,"Low Spender"
13308,15.00,"Low Spender"
13683,15.00,"Low Spender"
16540,15.00,"Low Spender"
14873,15.00,"Low Spender"
15447,15.00,"Low Spender"
13190,15.00,"Low Spender"
12819,15.00,"Low Spender"
13002,15.00,"Low Spender"
16679,15.00,"Low Spender"
17695,15.00,"Low Spender"
13628,15.00,"Low Spender"
13367,15.00,"Low Spender"
14252,15.00,"Low Spender"
15208,15.00,"Low Spender"
16299,15.00,"Low Spender"
14330,15.00,"Low Spender"
15086,15.00,"Low Spender"
15157,15.00,"Low Spender"
12899,15.00,"Low Spender"
12441,15.00,"Low Spender"
15262,15.00,"Low Spender"
15337,15.00,"Low Spender"
12353,15.00,"Low Spender"
15155,15.00,"Low Spender"
13465,15.00,"Low Spender"
14128,15.00,"Low Spender"
15437,15.00,"Low Spender"
16589,15.00,"Low Spender"
16100,15.00,"Low Spender"
17709,15.00,"Low Spender"
13226,15.00,"Low Spender"
14858,15.00,"Low Spender"
12892,15.00,"Low Spender"
13036,15.00,"Low Spender"
17294,15.00,"Low Spender"
16424,15.00,"Low Spender"
16280,15.00,"Low Spender"
15138,15.00,"Low Spender"
18186,15.00,"Low Spender"
13728,15.00,"Low Spender"
13237,15.00,"Low Spender"
15269,15.00,"Low Spender"
16846,14.98,"Low Spender"
14734,14.98,"Low Spender"
13699,14.98,"Low Spender"
17869,14.95,"Low Spender"
12459,14.95,"Low Spender"
12887,14.95,"Low Spender"
14599,14.89,"Low Spender"
13927,14.85,"Low Spender"
18243,14.85,"Low Spender"
15575,14.85,"Low Spender"
16864,14.85,"Low Spender"
17688,14.85,"Low Spender"
13484,14.85,"Low Spender"
15661,14.85,"Low Spender"
13804,14.85,"Low Spender"
16227,14.85,"Low Spender"
14423,14.85,"Low Spender"
14199,14.85,"Low Spender"
16829,14.85,"Low Spender"
12945,14.85,"Low Spender"
15845,14.85,"Low Spender"
14762,14.85,"Low Spender"
18007,14.80,"Low Spender"
16368,14.80,"Low Spender"
14541,14.80,"Low Spender"
13653,14.75,"Low Spender"
16524,14.75,"Low Spender"
16061,14.75,"Low Spender"
17996,14.70,"Low Spender"
16937,14.65,"Low Spender"
13086,14.65,"Low Spender"
16538,14.50,"Low Spender"
13714,14.35,"Low Spender"
16893,14.35,"Low Spender"
15968,14.30,"Low Spender"
16819,14.25,"Low Spender"
18008,14.15,"Low Spender"
14445,14.10,"Low Spender"
12860,14.00,"Low Spender"
17484,13.92,"Low Spender"
13556,13.92,"Low Spender"
14325,13.92,"Low Spender"
17820,13.80,"Low Spender"
15875,13.80,"Low Spender"
12964,13.80,"Low Spender"
16330,13.65,"Low Spender"
16060,13.60,"Low Spender"
14446,13.55,"Low Spender"
14570,13.55,"Low Spender"
15869,13.54,"Low Spender"
14497,13.52,"Low Spender"
17510,13.52,"Low Spender"
15598,13.52,"Low Spender"
17731,13.52,"Low Spender"
15375,13.50,"Low Spender"
16639,13.50,"Low Spender"
17880,13.50,"Low Spender"
18281,13.50,"Low Spender"
17794,13.50,"Low Spender"
16390,13.50,"Low Spender"
17662,13.50,"Low Spender"
12605,13.50,"Low Spender"
17868,13.45,"Low Spender"
17208,13.45,"Low Spender"
17210,13.40,"Low Spender"
14082,13.30,"Low Spender"
16440,13.30,"Low Spender"
14509,13.29,"Low Spender"
14275,13.20,"Low Spender"
12619,13.20,"Low Spender"
15074,13.20,"Low Spender"
17981,13.20,"Low Spender"
16121,13.20,"Low Spender"
18234,13.20,"Low Spender"
14263,13.20,"Low Spender"
12547,13.20,"Low Spender"
14786,13.20,"Low Spender"
14684,13.16,"Low Spender"
13191,13.13,"Low Spender"
16695,13.05,"Low Spender"
17745,13.05,"Low Spender"
17256,13.05,"Low Spender"
15788,13.05,"Low Spender"
14595,13.05,"Low Spender"
14742,13.00,"Low Spender"
16731,13.00,"Low Spender"
17109,13.00,"Low Spender"
14681,12.75,"Low Spender"
13784,12.75,"Low Spender"
17087,12.75,"Low Spender"
16596,12.75,"Low Spender"
12861,12.75,"Low Spender"
12941,12.75,"Low Spender"
16263,12.75,"Low Spender"
17392,12.75,"Low Spender"
14521,12.75,"Low Spender"
18161,12.75,"Low Spender"
13711,12.75,"Low Spender"
15726,12.75,"Low Spender"
14999,12.75,"Low Spender"
16822,12.75,"Low Spender"
16662,12.75,"Low Spender"
14017,12.60,"Low Spender"
15018,12.60,"Low Spender"
17342,12.60,"Low Spender"
15697,12.60,"Low Spender"
12807,12.60,"Low Spender"
15479,12.60,"Low Spender"
12651,12.60,"Low Spender"
14846,12.60,"Low Spender"
16955,12.60,"Low Spender"
17765,12.60,"Low Spender"
15659,12.60,"Low Spender"
15115,12.60,"Low Spender"
16356,12.55,"Low Spender"
17967,12.54,"Low Spender"
15247,12.50,"Low Spender"
12666,12.50,"Low Spender"
16092,12.50,"Low Spender"
15731,12.50,"Low Spender"
13959,12.50,"Low Spender"
16018,12.50,"Low Spender"
15378,12.50,"Low Spender"
14916,12.50,"Low Spender"
16166,12.50,"Low Spender"
12773,12.50,"Low Spender"
18050,12.50,"Low Spender"
13079,12.50,"Low Spender"
12948,12.50,"Low Spender"
13387,12.43,"Low Spender"
14975,12.35,"Low Spender"
16469,12.24,"Low Spender"
14581,12.20,"Low Spender"
15037,12.18,"Low Spender"
13698,12.15,"Low Spender"
16925,12.15,"Low Spender"
18132,12.15,"Low Spender"
15915,12.10,"Low Spender"
17271,11.93,"Low Spender"
17371,11.92,"Low Spender"
17022,11.90,"Low Spender"
14070,11.90,"Low Spender"
14602,11.90,"Low Spender"
17359,11.85,"Low Spender"
12898,11.80,"Low Spender"
12917,11.80,"Low Spender"
14700,11.80,"Low Spender"
14621,11.80,"Low Spender"
14958,11.80,"Low Spender"
16122,11.70,"Low Spender"
15605,11.70,"Low Spender"
15962,11.60,"Low Spender"
15161,11.57,"Low Spender"
17299,11.40,"Low Spender"
14843,11.40,"Low Spender"
13250,11.40,"Low Spender"
13547,11.34,"Low Spender"
16562,11.34,"Low Spender"
13241,11.30,"Low Spender"
14550,11.25,"Low Spender"
15964,11.24,"Low Spender"
17964,11.24,"Low Spender"
16451,11.24,"Low Spender"
14549,11.10,"Low Spender"
12542,11.05,"Low Spender"
17818,11.00,"Low Spender"
17953,10.95,"Low Spender"
13796,10.95,"Low Spender"
14000,10.92,"Low Spender"
14271,10.92,"Low Spender"
15872,10.90,"Low Spender"
17601,10.85,"Low Spender"
14672,10.85,"Low Spender"
13997,10.85,"Low Spender"
15990,10.65,"Low Spender"
16442,10.60,"Low Spender"
18046,10.50,"Low Spender"
15936,10.50,"Low Spender"
15385,10.50,"Low Spender"
17922,10.50,"Low Spender"
15713,10.50,"Low Spender"
14187,10.20,"Low Spender"
13898,10.20,"Low Spender"
13309,10.20,"Low Spender"
15191,10.20,"Low Spender"
13818,10.20,"Low Spender"
13651,10.20,"Low Spender"
12790,10.20,"Low Spender"
14303,10.20,"Low Spender"
17476,10.20,"Low Spender"
14784,10.20,"Low Spender"
14822,10.20,"Low Spender"
13076,10.20,"Low Spender"
12742,10.20,"Low Spender"
18256,10.20,"Low Spender"
12728,10.20,"Low Spender"
18100,10.20,"Low Spender"
15189,10.20,"Low Spender"
14237,10.20,"Low Spender"
16724,10.20,"Low Spender"
12954,10.20,"Low Spender"
15647,10.20,"Low Spender"
17918,10.20,"Low Spender"
16559,10.20,"Low Spender"
16543,10.20,"Low Spender"
13466,10.20,"Low Spender"
12639,10.20,"Low Spender"
15229,10.20,"Low Spender"
17456,10.20,"Low Spender"
16542,10.20,"Low Spender"
12914,10.20,"Low Spender"
13414,10.20,"Low Spender"
14908,10.20,"Low Spender"
14805,10.15,"Low Spender"
13825,10.15,"Low Spender"
17615,10.15,"Low Spender"
17587,10.10,"Low Spender"
15892,10.10,"Low Spender"
14126,10.08,"Low Spender"
17978,10.08,"Low Spender"
15536,10.08,"Low Spender"
16130,10.08,"Low Spender"
17559,10.08,"Low Spender"
15723,10.05,"Low Spender"
14519,10.00,"Low Spender"
17571,10.00,"Low Spender"
14274,10.00,"Low Spender"
13303,9.95,"Low Spender"
18220,9.95,"Low Spender"
12738,9.95,"Low Spender"
15855,9.90,"Low Spender"
17072,9.90,"Low Spender"
15558,9.90,"Low Spender"
13453,9.90,"Low Spender"
15011,9.90,"Low Spender"
17065,9.90,"Low Spender"
16740,9.90,"Low Spender"
14311,9.75,"Low Spender"
14596,9.75,"Low Spender"
14131,9.75,"Low Spender"
17192,9.70,"Low Spender"
15352,9.65,"Low Spender"
16285,9.60,"Low Spender"
12804,9.50,"Low Spender"
18083,9.35,"Low Spender"
15446,9.30,"Low Spender"
15503,9.30,"Low Spender"
16958,9.29,"Low Spender"
12977,9.25,"Low Spender"
16487,9.25,"Low Spender"
14818,9.20,"Low Spender"
18110,9.20,"Low Spender"
15961,9.15,"Low Spender"
15773,9.05,"Low Spender"
17514,9.00,"Low Spender"
17199,9.00,"Low Spender"
17070,8.99,"Low Spender"
17907,8.95,"Low Spender"
17780,8.85,"Low Spender"
14670,8.80,"Low Spender"
16931,8.80,"Low Spender"
14996,8.70,"Low Spender"
17286,8.64,"Low Spender"
15987,8.60,"Low Spender"
15901,8.53,"Low Spender"
18279,8.50,"Low Spender"
14799,8.50,"Low Spender"
17847,8.50,"Low Spender"
13444,8.50,"Low Spender"
13285,8.50,"Low Spender"
17375,8.50,"Low Spender"
14203,8.49,"Low Spender"
18137,8.40,"Low Spender"
13548,8.40,"Low Spender"
16453,8.40,"Low Spender"
17825,8.40,"Low Spender"
14690,8.37,"Low Spender"
17116,8.30,"Low Spender"
13660,8.25,"Low Spender"
13166,8.25,"Low Spender"
16078,8.25,"Low Spender"
17264,8.16,"Low Spender"
16068,8.00,"Low Spender"
17189,7.99,"Low Spender"
16887,7.95,"Low Spender"
15848,7.90,"Low Spender"
17219,7.86,"Low Spender"
13179,7.80,"Low Spender"
16448,7.80,"Low Spender"
17995,7.80,"Low Spender"
17784,7.65,"Low Spender"
16664,7.65,"Low Spender"
14458,7.63,"Low Spender"
17915,7.60,"Low Spender"
15543,7.52,"Low Spender"
15548,7.50,"Low Spender"
16547,7.50,"Low Spender"
14654,7.50,"Low Spender"
16388,7.50,"Low Spender"
13672,7.50,"Low Spender"
15504,7.49,"Low Spender"
12346,7.49,"Low Spender"
17309,7.49,"Low Spender"
12923,7.35,"Low Spender"
17962,7.32,"Low Spender"
17458,7.23,"Low Spender"
17414,7.20,"Low Spender"
15545,7.15,"Low Spender"
14579,7.05,"Low Spender"
16274,6.88,"Low Spender"
13476,6.80,"Low Spender"
15293,6.80,"Low Spender"
13779,6.76,"Low Spender"
16978,6.75,"Low Spender"
16507,6.75,"Low Spender"
16141,6.72,"Low Spender"
13243,6.70,"Low Spender"
17790,6.65,"Low Spender"
17938,6.65,"Low Spender"
17239,6.60,"Low Spender"
17524,6.60,"Low Spender"
13457,6.60,"Low Spender"
15201,6.60,"Low Spender"
12751,6.50,"Low Spender"
17993,6.45,"Low Spender"
16035,6.35,"Low Spender"
17327,6.30,"Low Spender"
18284,6.30,"Low Spender"
17215,6.30,"Low Spender"
17249,6.25,"Low Spender"
17355,6.25,"Low Spender"
14381,6.21,"Low Spender"
17991,6.20,"Low Spender"
15499,5.95,"Low Spender"
13474,5.90,"Low Spender"
14594,5.90,"Low Spender"
14879,5.90,"Low Spender"
13946,5.85,"Low Spender"
14811,5.80,"Low Spender"
15451,5.60,"Low Spender"
17798,5.60,"Low Spender"
17301,5.45,"Low Spender"
17036,5.10,"Low Spender"
14721,5.10,"Low Spender"
13666,5.10,"Low Spender"
16382,5.10,"Low Spender"
15702,5.10,"Low Spender"
17198,5.05,"Low Spender"
16741,5.04,"Low Spender"
17181,5.04,"Low Spender"
13392,5.04,"Low Spender"
16845,5.04,"Low Spender"
14761,5.04,"Low Spender"
17417,5.00,"Low Spender"
14717,5.00,"Low Spender"
13053,4.95,"Low Spender"
15509,4.85,"Low Spender"
14656,4.75,"Low Spender"
14749,4.75,"Low Spender"
18034,4.70,"Low Spender"
17772,4.60,"Low Spender"
13239,4.56,"Low Spender"
17767,4.35,"Low Spender"
14990,4.25,"Low Spender"
13616,4.25,"Low Spender"
17187,4.20,"Low Spender"
16402,4.20,"Low Spender"
17217,4.20,"Low Spender"
17808,4.20,"Low Spender"
17660,4.00,"Low Spender"
12869,3.90,"Low Spender"
15822,3.90,"Low Spender"
15954,3.85,"Low Spender"
17783,3.80,"Low Spender"
15583,3.79,"Low Spender"
17989,3.75,"Low Spender"
16548,3.75,"Low Spender"
17335,3.75,"Low Spender"
13526,3.75,"Low Spender"
16002,3.75,"Low Spender"
17012,3.55,"Low Spender"
15709,3.48,"Low Spender"
13187,3.48,"Low Spender"
14704,3.45,"Low Spender"
14980,3.40,"Low Spender"
18103,3.35,"Low Spender"
14487,3.35,"Low Spender"
17803,3.30,"Low Spender"
13412,3.30,"Low Spender"
17541,3.10,"Low Spender"
13981,3.04,"Low Spender"
15685,3.00,"Low Spender"
15512,2.95,"Low Spender"
14814,2.95,"Low Spender"
18124,2.95,"Low Spender"
13757,2.95,"Low Spender"
12961,2.95,"Low Spender"
18012,2.95,"Low Spender"
15900,2.95,"Low Spender"
13600,2.95,"Low Spender"
16289,2.95,"Low Spender"
17177,2.95,"Low Spender"
13125,2.90,"Low Spender"
17254,2.80,"Low Spender"
17840,2.55,"Low Spender"
14610,2.50,"Low Spender"
16418,2.50,"Low Spender"
13608,2.50,"Low Spender"
16890,2.50,"Low Spender"
14163,2.50,"Low Spender"
14724,2.50,"Low Spender"
15552,1.95,"Low Spender"
15923,1.95,"Low Spender"
17816,1.72,"Low Spender"
15688,1.70,"Low Spender"
16277,1.69,"Low Spender"
18135,1.65,"Low Spender"
17316,1.65,"Low Spender"
17403,1.65,"Low Spender"
18107,1.65,"Low Spender"
17257,1.45,"Low Spender"
15884,1.25,"Low Spender"
15041,1.25,"Low Spender"
17543,1.25,"Low Spender"
17916,1.25,"Low Spender"
13581,1.25,"Low Spender"
17248,1.25,"Low Spender"
13071,1.25,"Low Spender"
13413,0.85,"Low Spender"
17945,0.85,"Low Spender"
14983,0.85,"Low Spender"
17275,0.65,"Low Spender"
14103,0.00,"Low Spender"
